snapshot_ts,route_id,n_trips_observed,n_stop_updates,n_skipped,avg_delay_s,max_delay_s
1788533052,10B,5,190,20,-1.7,173
1788533052,10A,6,234,30,-14.2,152
1788533052,11,8,108,0,20.1,269
1788533052,12,9,202,0,174.6,897
1788533052,13,7,183,0,-16.0,68
1788533052,14,10,245,0,-30.8,54
1788533052,15,7,232,0,39.0,289
1788533052,16,10,250,50,-30.9,269
1788533052,20,7,195,0,129.7,513
1788533052,21,4,85,0,-1.3,49
1788533052,8,14,521,7,-8.5,147
1788533052,22,6,138,0,47.4,325
1788533052,23,6,126,3,30.1,288
1788533052,24,6,144,0,578.3,1354
1788533052,25,6,202,52,-17.0,216
1788533052,26,7,117,0,31.1,214
1788533052,28,9,332,86,13.6,197
1788533052,32,3,36,8,-44.0,3
1788533052,33,4,32,0,-45.0,0
1788533052,34,2,16,0,-60.0,0
1788533052,5,18,477,9,20.7,347
1788533052,6,19,405,28,18.1,410
1788533052,7,7,168,0,71.5,408
1788533052,C4,20,600,0,94.0,751
1788533052,T1,34,816,0,-11.8,146
1788533052,T2,23,414,0,-25.7,89
1788533052,T3,25,350,0,-10.1,189
1788533227,10B,5,190,20,-1.8,173
1788533227,10A,6,234,30,-20.2,208
1788533227,11,8,108,0,19.7,269
1788533227,12,9,202,0,197.8,1003
1788533227,13,7,183,0,-17.5,69
1788533227,14,10,245,0,-32.8,33
1788533227,15,7,232,0,42.0,325
1788533227,16,9,224,44,-31.6,247
1788533227,20,8,224,0,118.1,519
1788533227,21,4,85,0,13.7,80
1788533227,8,14,521,7,4.0,275
1788533227,22,6,138,0,44.0,325
1788533227,23,6,126,3,30.3,288
1788533227,24,6,144,0,605.6,1400
1788533227,25,6,202,52,-2.5,194
1788533227,26,7,117,0,20.3,214
1788533227,28,9,332,86,33.1,274
1788533227,32,3,36,8,-32.8,18
1788533227,33,4,32,0,-45.0,0
1788533227,34,2,16,0,-60.0,0
1788533227,5,19,503,10,29.5,347
1788533227,6,19,405,28,12.3,410
1788533227,7,7,168,0,83.8,408
1788533227,C4,21,630,0,96.6,751
1788533227,T1,34,816,0,-10.3,192
1788533227,T2,23,414,0,-28.0,87
1788533227,T3,25,350,0,-7.6,255
1788533380,10B,5,190,20,-4.6,173
1788533380,10A,6,234,30,-12.8,204
1788533380,11,8,108,0,26.4,262
1788533380,12,9,202,0,199.4,1028
1788533380,13,7,183,0,-14.5,101
1788533380,14,10,245,0,-29.0,101
1788533380,15,6,198,0,-12.1,371
1788533380,16,9,224,44,-36.3,231
1788533380,20,7,195,0,115.3,523
1788533380,21,4,85,0,49.1,230
1788533380,8,14,521,7,4.0,296
1788533380,22,6,138,0,40.4,325
1788533380,23,5,105,2,22.6,288
1788533380,24,6,144,0,601.0,1402
1788533380,25,6,202,52,14.1,194
1788533380,26,7,117,0,24.7,214
1788533380,28,9,332,86,24.0,235
1788533380,32,3,36,8,-40.3,18
1788533380,33,4,32,0,-45.0,0
1788533380,34,2,16,0,-60.0,0
1788533380,5,19,503,10,35.4,401
1788533380,6,18,383,26,22.9,410
1788533380,7,7,168,0,126.5,453
1788533380,C4,22,660,0,100.8,751
1788533380,T1,35,840,0,-10.4,218
1788533380,T2,24,432,0,-23.8,92
1788533380,T3,25,350,0,-5.3,240
1788544275,10B,3,114,12,-5.9,308
1788544275,10A,3,117,15,-12.8,115
1788544275,11,2,27,0,-68.3,0
1788544275,12,3,67,0,65.9,342
1788544275,13,5,123,0,-7.1,78
1788544275,14,6,147,0,-12.5,99
1788544275,15,2,66,0,-3.6,196
1788544275,16,6,148,28,-29.7,355
1788544275,20,2,59,0,-27.2,31
1788544275,21,2,42,0,-28.8,10
1788544275,22,4,92,0,10.8,368
1788544275,8,6,223,3,23.5,200
1788544275,23,1,21,0,-81.5,71
1788544275,24,3,73,0,355.8,995
1788544275,25,3,74,3,-67.5,106
1788544275,28,4,146,38,-1.3,126
1788544275,32,1,12,3,-10.0,0
1788544275,5,13,344,7,-24.0,105
1788544275,6,3,66,4,-107.2,70
1788544275,7,4,96,0,-27.0,71
1788544275,C4,14,420,0,-53.5,177
1788544275,T1,29,696,0,-14.9,219
1788544275,T2,19,342,0,-28.7,88
1788544275,T3,19,266,0,-20.0,144
1788553509,5,5,133,2,106.3,444
1788553509,C4,7,210,0,-101.0,155
1788553509,T1,15,360,0,-13.6,93
1788553509,T2,11,198,0,-18.3,69
1788553509,T3,9,126,0,-26.6,99
1788561015,T1,7,168,0,-7.9,101
1788561015,T2,4,72,0,-30.1,24
1788561015,T3,2,28,0,0.0,0
1788583918,10A,3,117,15,9.3,79
1788583918,10B,3,114,12,-4.0,117
1788583918,11,3,41,0,-6.0,41
1788583918,12,6,135,0,-29.1,66
1788583918,13,6,141,0,-7.3,119
1788583918,14,6,147,0,-36.6,74
1788583918,15,1,31,0,0.0,0
1788583918,16,6,153,6,11.9,175
1788583918,20,6,161,0,-7.1,113
1788583918,21,4,84,0,19.9,131
1788583918,22,2,46,0,-6.5,0
1788583918,23,5,105,3,-28.9,1
1788583918,24,4,96,0,-2.5,141
1788583918,25,2,50,2,0.0,0
1788583918,26,4,90,0,-1.5,56
1788583918,28,4,146,38,62.1,367
1788583918,5,9,238,5,-25.3,44
1788583918,6,4,88,6,68.0,291
1788583918,7,4,96,0,-5.2,302
1788583918,8,6,224,3,0.8,63
1788583918,C4,8,244,0,-9.1,181
1788583918,T1,16,384,0,-22.0,92
1788583918,T2,14,252,0,-38.0,80
1788583918,T3,12,164,0,-16.4,277
1788598388,10B,3,114,12,53.4,243
1788598388,10A,4,156,20,48.9,248
1788598388,11,4,54,0,-6.7,76
1788598388,12,6,135,0,18.5,270
1788598388,13,6,141,0,-4.3,81
1788598388,14,5,123,0,-3.2,341
1788598388,15,2,60,0,56.0,180
1788598388,16,6,153,6,31.2,197
1788598388,20,5,135,0,8.1,132
1788598388,21,6,126,0,-2.9,62
1788598388,8,9,337,4,35.3,527
1788598388,22,3,69,0,5.9,130
1788598388,23,6,126,3,-8.6,76
1788598388,24,4,96,0,12.1,103
1788598388,25,4,97,4,-10.3,145
1788598388,26,6,135,0,-38.2,104
1788598388,28,4,146,38,-22.7,56
1788598388,5,13,344,7,-7.6,148
1788598388,6,5,110,8,5.4,215
1788598388,7,4,96,0,-12.4,144
1788598388,C4,10,305,0,4.5,188
1788598388,T1,16,384,0,-7.1,141
1788598388,T2,15,270,0,-27.8,148
1788598388,T3,12,168,0,-17.3,189
1788611335,10A,3,117,15,17.4,107
1788611335,10B,3,114,12,69.1,292
1788611335,11,4,54,0,-59.4,0
1788611335,12,4,90,0,1.0,64
1788611335,13,6,141,0,-2.3,80
1788611335,14,10,245,0,-36.5,106
1788611335,15,3,97,0,3.7,120
1788611335,16,8,204,8,-4.3,100
1788611335,20,4,110,0,-3.7,1
1788611335,21,6,126,0,44.6,234
1788611335,8,7,263,3,15.6,175
1788611335,23,6,126,3,-4.5,84
1788611335,24,4,96,0,-38.3,0
1788611335,25,6,147,6,134.8,1057
1788611335,26,6,135,0,-16.2,144
1788611335,28,4,146,38,65.2,194
1788611335,5,14,371,7,-3.1,197
1788611335,6,8,176,12,17.6,172
1788611335,7,7,168,0,-22.2,309
1788611335,22,3,69,0,-3.8,291
1788611335,C4,14,409,0,17.6,445
1788611335,T1,20,480,0,-6.8,195
1788611335,T2,18,324,0,-30.1,68
1788611335,T3,16,224,0,-10.3,268
1788622207,10A,3,117,15,19.6,137
1788622207,10B,3,114,12,17.5,181
1788622207,11,4,54,0,-13.2,7
1788622207,12,4,90,0,-13.4,122
1788622207,13,6,141,0,27.9,322
1788622207,14,9,220,0,-10.0,334
1788622207,15,3,98,0,-18.0,158
1788622207,16,8,204,8,-26.5,75
1788622207,20,3,89,0,-1.4,130
1788622207,21,4,84,0,37.0,127
1788622207,22,3,69,0,-3.9,37
1788622207,23,5,105,2,-9.2,122
1788622207,24,6,144,0,45.6,463
1788622207,25,4,101,4,-38.9,81
1788622207,26,4,90,0,-11.2,1
1788622207,28,4,146,38,-2.8,58
1788622207,5,14,371,7,3.6,177
1788622207,6,8,176,12,13.3,197
1788622207,7,7,168,0,-46.8,326
1788622207,8,9,337,4,0.2,141
1788622207,C4,14,406,0,-24.7,236
1788622207,T1,20,480,0,-14.4,166
1788622207,T2,18,324,0,-26.1,81
1788622207,T3,15,210,0,-84.0,151
1788629621,10B,3,114,12,16.6,203
1788629621,10A,2,78,10,-13.8,67
1788629621,11,2,27,0,-13.3,0
1788629621,12,4,90,0,-23.7,199
1788629621,13,4,94,0,-3.0,122
1788629621,14,8,196,0,16.1,267
1788629621,15,1,34,0,71.3,166
1788629621,16,6,153,6,10.9,304
1788629621,20,4,110,0,37.8,178
1788629621,21,3,60,0,23.1,204
1788629621,8,7,263,3,26.5,333
1788629621,23,1,21,0,1.0,41
1788629621,24,3,73,0,-27.1,75
1788629621,25,3,74,3,-5.7,0
1788629621,26,2,45,0,-23.5,131
1788629621,28,2,73,19,0.0,0
1788629621,5,12,318,6,0.7,254
1788629621,6,3,65,3,4.0,139
1788629621,7,6,144,0,9.7,235
1788629621,22,3,69,0,-15.7,55
1788629621,C4,14,406,0,15.0,496
1788629621,T1,18,432,0,-15.3,86
1788629621,T2,18,324,0,-25.1,100
1788629621,T3,16,224,0,-4.5,319
1788636812,5,7,185,4,11.3,189
1788636812,7,3,72,0,-20.4,98
1788636812,C4,7,203,0,-92.0,108
1788636812,T1,17,408,0,-9.0,110
1788636812,T2,13,234,0,-22.5,65
1788636812,T3,10,140,0,-25.1,156
1788644673,5,2,53,1,-17.5,90
1788644673,C4,3,87,0,-77.8,25
1788644673,T1,9,216,0,-28.1,47
1788644673,T2,7,126,0,-15.2,116
1788644673,T3,6,84,0,-17.6,76
1788650671,T1,2,48,0,-50.2,30
1788674572,10A,2,78,10,15.7,72
1788674572,10B,2,76,8,18.7,83
1788674572,11,2,27,0,17.1,42
1788674572,12,2,45,0,10.3,36
1788674572,14,2,49,0,-15.8,41
1788674572,16,3,77,3,7.3,43
1788674572,20,2,51,0,-9.6,41
1788674572,25,2,51,2,-10.6,0
1788674572,5,6,66,1,-20.9,0
1788674572,6,2,44,3,3.1,58
1788674572,7,2,48,0,-25.8,34
1788674572,8,4,149,2,-18.2,28
1788674572,C4,5,145,0,-1.6,59
1788674572,T1,11,264,0,12.9,416
1788674572,T2,8,144,0,-50.8,112
1788674572,T3,5,70,0,-41.5,27
1788692352,10B,2,76,8,4.4,44
1788692352,10A,2,78,10,-19.0,9
1788692352,11,2,27,0,-25.6,0
1788692352,12,2,45,0,-34.8,76
1788692352,14,1,24,0,0.0,0
1788692352,16,3,76,3,-7.9,52
1788692352,20,2,51,0,0.0,0
1788692352,21,1,24,0,26.1,81
1788692352,25,2,46,2,-41.0,4
1788692352,5,6,66,1,-18.2,0
1788692352,6,2,44,3,30.3,90
1788692352,7,2,48,0,-16.2,0
1788692352,8,4,149,2,8.9,166
1788692352,C4,6,174,0,-28.4,157
1788692352,T1,12,288,0,-12.8,254
1788692352,T2,10,180,0,-19.7,253
1788692352,T3,4,56,0,-30.4,0
1788703593,10B,2,76,8,26.8,151
1788703593,10A,2,78,10,-14.2,83
1788703593,12,2,45,0,-15.7,22
1788703593,14,2,49,0,-24.5,0
1788703593,16,3,76,3,-32.5,8
1788703593,20,2,51,0,-35.3,43
1788703593,21,1,18,0,0.0,0
1788703593,25,2,51,2,-45.4,0
1788703593,5,7,75,2,-11.4,127
1788703593,6,2,44,3,65.9,167
1788703593,7,2,48,0,-19.5,37
1788703593,8,5,188,2,9.6,197
1788703593,C4,7,203,0,-38.7,78
1788703593,T1,10,240,0,-10.6,287
1788703593,T2,12,216,0,-17.2,242
1788703593,T3,6,84,0,-45.7,0
1788714319,10B,2,76,8,199.5,269
1788714319,10A,2,78,10,232.8,521
1788714319,12,2,45,0,11.6,127
1788714319,14,1,24,0,0.0,0
1788714319,16,3,77,3,20.0,125
1788714319,20,1,29,0,41.0,143
1788714319,21,2,42,0,168.9,404
1788714319,25,2,46,2,-53.8,0
1788714319,5,8,88,2,-21.7,75
1788714319,6,3,53,4,-5.9,30
1788714319,7,2,48,0,51.0,201
1788714319,8,3,110,2,84.1,550
1788714319,C4,7,203,0,7.1,311
1788714319,T1,10,240,0,-12.9,208
1788714319,T2,12,216,0,-30.9,148
1788714319,T3,6,84,0,-41.5,0
1788721993,25,1,23,1,18.3,82
1788721993,5,8,88,2,-22.1,91
1788721993,7,1,24,0,-35.0,0
1788721993,C4,6,174,0,-18.4,305
1788721993,T1,10,240,0,-23.0,116
1788721993,T2,11,198,0,-36.6,119
1788721993,T3,6,84,0,-46.1,26
1788729874,T1,10,240,0,-21.9,180
1788729874,T2,8,144,0,-41.9,0
1788729874,T3,3,42,0,-28.4,52
1788735655,T1,3,72,0,-26.1,34
1788735655,T2,1,18,0,-38.1,-3
1788760045,10B,5,190,20,16.1,196
1788760045,10A,5,195,25,0.5,118
1788760045,11,8,108,0,-15.1,62
1788760045,12,9,203,0,31.0,419
1788760045,13,8,208,0,11.5,179
1788760045,14,10,245,0,-1.1,161
1788760045,15,7,232,0,4.5,302
1788760045,16,8,204,8,-4.2,98
1788760045,20,6,169,0,128.8,569
1788760045,21,9,187,0,27.6,345
1788760045,22,6,138,0,7.0,156
1788760045,8,12,446,6,60.1,642
1788760045,23,4,84,2,-17.6,17
1788760045,24,7,142,0,79.5,342
1788760045,25,6,152,6,22.7,270
1788760045,26,8,182,0,4.9,143
1788760045,28,10,370,95,-4.7,124
1788760045,32,3,36,8,-85.1,0
1788760045,33,5,40,0,-122.0,66
1788760045,34,2,16,0,-45.0,0
1788760045,5,17,451,8,-1.4,159
1788760045,6,20,370,26,53.0,453
1788760045,7,7,168,0,-19.7,119
1788760045,C4,22,557,0,7.5,228
1788760045,T1,36,864,0,-1.4,175
1788760045,T2,22,396,0,-14.0,166
1788760045,T3,26,360,0,-18.2,69
1788781774,10B,5,190,20,-4.2,253
1788781774,10A,4,156,20,-17.8,62
1788781774,11,4,54,0,-14.0,36
1788781774,12,4,90,0,-0.4,32
1788781774,13,6,146,0,15.1,143
1788781774,14,4,98,0,69.6,227
1788781774,15,7,232,0,43.8,353
1788781774,16,8,204,8,-4.5,107
1788781774,20,5,135,0,-23.2,7
1788781774,21,5,60,0,26.6,151
1788781774,8,8,298,4,0.6,195
1788781774,22,3,69,0,37.2,234
1788781774,23,4,84,2,-47.8,0
1788781774,24,6,144,0,16.3,180
1788781774,25,6,156,6,25.5,284
1788781774,26,6,135,0,8.0,147
1788781774,28,6,219,57,-17.3,85
1788781774,32,2,24,5,-42.5,0
1788781774,33,3,24,0,-59.6,208
1788781774,34,3,24,0,-83.6,25
1788781774,5,17,450,9,4.6,244
1788781774,6,17,374,25,18.0,225
1788781774,7,4,96,0,-35.9,9
1788781774,C4,17,510,0,31.1,406
1788781774,T1,36,864,0,-3.1,253
1788781774,T2,20,360,0,-26.7,71
1788781774,T3,20,280,0,-7.7,173
1788801997,10B,4,152,16,-7.8,73
1788801997,10A,4,156,20,-42.0,17
1788801997,11,3,41,0,-24.4,10
1788801997,12,4,90,0,-16.1,97
1788801997,13,6,153,0,-13.8,48
1788801997,14,10,245,0,-151.2,24
1788801997,15,4,132,0,-56.8,47
1788801997,16,8,204,8,-24.7,222
1788801997,20,4,110,0,-10.5,200
1788801997,21,4,85,0,297.8,711
1788801997,8,10,372,5,-11.9,137
1788801997,22,4,92,0,49.8,326
1788801997,23,2,42,0,-81.0,26
1788801997,24,3,73,0,56.1,151
1788801997,25,4,101,4,17.8,192
1788801997,26,2,45,0,1.3,48
1788801997,28,6,183,48,-20.2,136
1788801997,32,2,24,5,-110.6,42
1788801997,33,1,8,0,0.0,0
1788801997,34,1,8,0,0.0,0
1788801997,5,15,398,7,-49.3,144
1788801997,6,7,154,10,-43.1,77
1788801997,7,4,96,0,-16.6,58
1788801997,C4,14,420,6,23.7,557
1788801997,T1,30,720,0,-13.8,109
1788801997,T2,20,360,0,-27.1,43
1788801997,T3,19,266,0,-27.9,58
1788813906,5,5,211,82,-3.5,220
1788813906,C4,8,240,6,71.2,557
1788813906,T1,13,312,0,-17.3,113
1788813906,T2,10,180,0,-28.7,57
1788813906,T3,8,112,0,-32.2,97
1788822168,C4,1,30,6,460.2,557
1788822168,T1,3,72,0,-33.8,15
1788822168,T2,1,18,0,-30.2,11
1788847337,10B,5,152,16,-24.5,135
1788847337,10A,5,156,20,-16.1,58
1788847337,11,8,108,0,-15.6,64
1788847337,12,9,202,0,16.0,193
1788847337,13,8,208,0,22.5,214
1788847337,14,9,220,0,-17.2,72
1788847337,15,8,266,0,49.0,354
1788847337,16,10,255,10,6.7,145
1788847337,20,6,169,0,327.8,1217
1788847337,21,7,145,0,38.6,267
1788847337,22,6,138,0,-10.6,55
1788847337,8,15,560,7,37.2,402
1788847337,23,6,126,3,49.5,406
1788847337,24,5,119,0,-28.8,164
1788847337,25,6,147,6,-13.1,244
1788847337,26,8,182,0,-9.0,92
1788847337,28,10,370,95,3.4,171
1788847337,32,2,24,5,-28.8,33
1788847337,33,4,32,0,-182.0,213
1788847337,34,3,24,0,-85.8,0
1788847337,5,17,451,8,24.1,323
1788847337,6,21,449,31,157.3,739
1788847337,7,7,168,0,16.4,312
1788847337,C4,21,615,0,31.2,439
1788847337,T1,38,912,0,29.8,827
1788847337,T2,23,414,0,-15.4,197
1788847337,T3,25,350,0,-2.8,152
1788866518,10B,4,152,16,17.7,173
1788866518,10A,4,156,20,-0.8,97
1788866518,11,4,54,0,-56.5,0
1788866518,12,4,90,0,11.0,105
1788866518,13,6,155,0,-28.2,33
1788866518,14,6,147,0,16.4,161
1788866518,15,7,232,0,-7.3,145
1788866518,16,10,255,29,-36.4,55
1788866518,20,4,102,0,28.3,241
1788866518,21,6,127,0,62.6,344
1788866518,8,8,298,4,-8.1,255
1788866518,22,3,69,0,2.5,73
1788866518,23,6,126,3,-16.1,0
1788866518,24,4,96,0,48.2,220
1788866518,25,6,151,6,-26.5,101
1788866518,26,7,161,0,10.3,190
1788866518,28,6,221,57,-26.7,137
1788866518,32,2,24,5,-147.4,91
1788866518,33,3,24,0,-95.5,55
1788866518,34,3,24,0,-47.5,0
1788866518,5,17,450,9,-14.7,194
1788866518,6,16,352,24,7.7,211
1788866518,7,4,96,0,-14.9,85
1788866518,C4,17,510,0,-6.7,219
1788866518,T1,34,816,0,-11.6,188
1788866518,T2,21,378,0,-27.8,81
1788866518,T3,20,280,0,-21.5,117
1788880565,10A,5,195,25,52.3,440
1788880565,10B,6,228,24,52.2,384
1788880565,11,7,95,0,74.7,423
1788880565,12,8,180,0,99.6,565
1788880565,13,7,183,0,3.1,114
1788880565,14,11,269,0,26.7,373
1788880565,15,7,232,0,7.3,163
1788880565,16,10,255,10,-26.5,287
1788880565,20,6,165,0,51.1,367
1788880565,21,6,128,0,206.5,737
1788880565,8,14,521,7,2.8,233
1788880565,22,6,138,0,90.3,406
1788880565,23,6,126,3,3.7,207
1788880565,24,6,144,0,3.4,255
1788880565,25,6,161,6,99.5,539
1788880565,26,7,163,0,-10.7,205
1788880565,28,9,333,86,-21.5,261
1788880565,32,3,36,7,-0.5,191
1788880565,33,5,40,0,-81.0,0
1788880565,34,2,16,0,-22.5,0
1788880565,5,17,450,9,13.5,365
1788880565,6,18,383,26,33.0,365
1788880565,7,7,168,0,5.8,369
1788880565,C4,20,600,0,47.1,399
1788880565,T1,35,840,0,-0.8,214
1788880565,T2,24,432,0,-23.1,105
1788880565,T3,24,336,0,-7.9,157
1788893270,12,1,22,12,829.3,1032
1788893270,13,1,21,0,0.0,0
1788893270,14,1,24,0,-78.0,46
1788893270,25,1,23,1,-30.2,65
1788893270,5,11,291,6,-4.1,320
1788893270,7,4,96,0,6.7,167
1788893270,22,2,46,0,-12.9,40
1788893270,C4,14,420,6,15.1,253
1788893270,T1,19,456,0,-7.1,190
1788893270,T2,16,288,0,-22.5,88
1788893270,T3,13,182,0,-23.0,93
1788903569,12,1,22,12,829.3,1032
1788903569,5,2,53,1,10.9,153
1788903569,C4,3,90,0,-5.5,60
1788903569,T1,10,240,0,-16.9,60
1788903569,T2,9,162,0,-26.8,66
1788903569,T3,7,98,0,-38.1,0
1788910912,12,1,22,12,829.3,1032
1788910912,T1,1,24,0,41.3,91
1788936267,10A,6,234,30,414.6,3332
1788936267,10B,5,190,20,474.3,2792
1788936267,11,6,81,0,20.1,118
1788936267,12,6,135,0,-15.4,188
1788936267,13,7,172,0,-10.3,118
1788936267,14,8,196,0,-28.6,83
1788936267,15,6,198,0,3.1,165
1788936267,16,10,255,10,-38.6,77
1788936267,20,7,190,0,24.3,247
1788936267,21,7,150,0,9.0,160
1788936267,22,5,115,0,17.5,331
1788936267,8,12,447,6,-8.3,249
1788936267,23,5,105,3,-68.3,232
1788936267,24,4,96,0,-38.5,0
1788936267,25,7,174,7,-1.1,163
1788936267,26,7,155,0,20.1,183
1788936267,28,8,295,76,-11.7,97
1788936267,32,2,24,5,-49.2,72
1788936267,33,4,32,0,-134.7,55
1788936267,34,2,16,0,-278.3,0
1788936267,5,16,424,8,17.5,377
1788936267,6,16,352,24,17.7,197
1788936267,7,5,120,0,-2.4,237
1788936267,C4,20,600,0,-11.9,260
1788936267,T1,36,864,0,-10.1,297
1788936267,T2,21,378,0,-20.5,128
1788936267,T3,22,308,0,-20.1,75
1788955041,10B,4,152,16,-5.0,58
1788955041,10A,5,195,25,168.5,1180
1788955041,11,4,54,0,0.2,79
1788955041,12,5,113,16,99.9,641
1788955041,13,8,174,0,8.7,153
1788955041,14,6,147,21,7.1,195
1788955041,15,7,230,0,56.0,348
1788955041,16,9,230,9,8.1,239
1788955041,20,4,110,0,2.3,39
1788955041,21,5,102,0,142.9,619
1788955041,8,10,373,5,-15.1,151
1788955041,22,3,69,0,41.5,301
1788955041,23,6,126,3,16.1,129
1788955041,24,6,144,0,48.2,355
1788955041,25,5,129,5,-5.7,172
1788955041,26,6,135,0,-15.1,65
1788955041,28,7,255,66,-8.2,123
1788955041,32,2,24,5,-49.8,132
1788955041,33,3,24,0,-148.5,32
1788955041,34,3,24,0,-76.2,66
1788955041,5,17,450,9,10.5,210
1788955041,6,17,374,26,22.0,401
1788955041,7,4,96,0,15.2,154
1788955041,C4,17,510,0,23.0,468
1788955041,T1,34,816,0,-13.4,87
1788955041,T2,20,360,0,-23.8,99
1788955041,T3,19,266,0,-17.3,67
1788970224,10A,7,273,35,876.2,4075
1788970224,10B,5,190,20,1215.7,3715
1788970224,11,6,81,0,-37.1,70
1788970224,12,9,203,16,11.7,641
1788970224,13,7,183,0,-12.6,143
1788970224,14,9,221,0,-93.4,92
1788970224,15,6,198,0,-125.7,0
1788970224,16,11,280,11,-45.3,153
1788970224,20,6,161,0,23.3,246
1788970224,21,6,128,0,-10.1,85
1788970224,8,15,558,8,-21.1,102
1788970224,22,6,138,0,0.0,197
1788970224,23,6,126,3,6.5,145
1788970224,24,4,96,0,579.3,824
1788970224,25,6,160,6,2.0,396
1788970224,26,8,181,0,-1.3,201
1788970224,28,11,404,105,-8.6,275
1788970224,32,3,36,8,91.1,500
1788970224,33,4,32,0,-27.6,92
1788970224,34,2,16,0,-41.2,0
1788970224,5,18,477,9,-14.3,226
1788970224,6,17,374,25,-5.8,118
1788970224,7,5,120,0,10.2,252
1788970224,C4,19,569,0,67.4,495
1788970224,T1,34,816,0,-5.9,357
1788970224,T2,23,414,0,-27.0,85
1788970224,T3,23,322,0,-20.9,115
1788981516,12,1,23,16,483.1,641
1788981516,5,10,264,6,2.5,842
1788981516,7,3,72,0,-23.1,139
1788981516,22,1,23,0,-159.0,-24
1788981516,C4,11,330,0,-2.5,159
1788981516,T1,17,408,0,-8.4,188
1788981516,T2,13,234,0,-27.4,37
1788981516,T3,12,168,0,-31.7,44
1788990732,12,1,23,16,483.1,641
1788990732,5,2,53,1,-97.6,151
1788990732,C4,2,60,0,86.8,173
1788990732,T1,10,240,0,-16.0,68
1788990732,T2,8,144,0,-31.6,9
1788990732,T3,6,84,0,-40.0,19
1788998029,12,1,23,16,483.1,641
1789011082,10A,1,39,5,0.0,0
1789011082,10B,1,38,4,0.0,0
1789011082,12,2,45,0,0.0,0
1789011082,14,2,49,0,0.0,0
1789011082,15,1,34,0,0.0,0
1789011082,16,2,51,2,0.0,0
1789011082,20,2,51,0,0.0,0
1789011082,22,1,23,0,0.0,0
1789011082,24,2,48,0,0.0,0
1789011082,25,3,74,3,8.1,68
1789011082,28,1,37,10,0.0,0
1789011082,5,7,185,4,-3.6,0
1789011082,6,2,44,3,0.0,0
1789011082,7,3,72,0,191.3,623
1789011082,C4,4,120,0,-2.5,0
1789011082,T1,13,312,0,-11.6,80
1789011082,T2,12,216,0,-17.7,81
1789011082,T3,7,94,0,-16.4,0
1789028623,10B,4,152,16,-85.5,54
1789028623,10A,5,195,25,28.8,830
1789028623,11,4,54,0,-21.0,12
1789028623,12,5,112,0,18.9,272
1789028623,13,5,120,0,3.1,123
1789028623,14,6,147,0,-1.6,82
1789028623,15,5,166,0,12.2,197
1789028623,16,10,255,10,-1.8,207
1789028623,20,4,106,0,-2.6,31
1789028623,21,6,126,0,61.8,285
1789028623,8,8,298,4,-4.1,161
1789028623,23,6,126,3,-13.5,52
1789028623,24,4,96,0,29.2,153
1789028623,25,5,129,5,95.7,502
1789028623,26,6,135,0,7.3,255
1789028623,28,7,256,67,3.4,346
1789028623,32,2,24,5,-481.0,0
1789028623,33,2,16,0,-94.4,45
1789028623,34,3,24,0,-87.3,30
1789028623,5,17,450,9,41.6,417
1789028623,6,14,308,21,6.2,125
1789028623,7,4,96,0,-9.5,114
1789028623,22,3,69,0,-5.9,103
1789028623,C4,18,540,1,6.2,317
1789028623,T1,34,816,0,-10.4,153
1789028623,T2,21,378,0,-28.5,78
1789028623,T3,19,266,0,-26.2,49
1789045439,10A,5,195,25,-11.0,338
1789045439,10B,4,152,16,-255.0,85
1789045439,11,4,54,0,-14.3,48
1789045439,12,4,90,0,-4.0,0
1789045439,13,7,171,0,7.6,201
1789045439,14,8,196,0,-8.5,63
1789045439,15,6,198,0,-19.3,282
1789045439,16,10,255,10,-2.0,228
1789045439,20,7,194,0,-0.7,168
1789045439,21,4,84,0,6.6,67
1789045439,8,9,337,4,6.4,191
1789045439,23,6,126,3,0.7,128
1789045439,24,5,119,0,13.4,201
1789045439,25,7,179,7,-0.1,230
1789045439,26,6,135,0,-13.2,59
1789045439,28,7,247,57,-25.8,84
1789045439,32,2,24,5,-50.0,0
1789045439,33,2,16,0,-97.5,0
1789045439,34,2,16,0,-112.5,0
1789045439,5,18,477,9,-17.4,243
1789045439,6,17,374,26,28.6,274
1789045439,7,4,96,0,9.2,327
1789045439,22,3,69,0,-26.1,0
1789045439,C4,17,510,0,20.7,328
1789045439,T1,34,816,0,-7.1,123
1789045439,T2,20,360,0,-23.8,100
1789045439,T3,21,281,0,-24.9,185
1789059709,10A,7,273,35,431.2,3243
1789059709,10B,6,228,24,543.4,2920
1789059709,11,5,68,0,-13.5,48
1789059709,12,6,135,0,8.1,353
1789059709,13,7,174,0,-8.5,68
1789059709,14,10,245,0,-11.5,134
1789059709,15,6,198,0,7.1,113
1789059709,16,11,280,11,-24.9,287
1789059709,20,5,135,0,26.5,392
1789059709,21,6,127,0,172.2,495
1789059709,8,14,522,7,-20.1,132
1789059709,22,5,115,0,-22.0,67
1789059709,23,3,63,1,-14.6,0
1789059709,24,4,96,0,24.0,282
1789059709,25,5,128,5,-57.2,127
1789059709,26,5,110,0,1.6,106
1789059709,28,9,319,76,-18.8,199
1789059709,32,2,24,5,-35.0,0
1789059709,33,2,16,0,-18.8,0
1789059709,34,2,16,0,-122.4,32
1789059709,5,16,424,8,-49.6,76
1789059709,6,11,242,16,2.5,170
1789059709,7,4,96,0,-16.8,115
1789059709,C4,16,480,21,-24.0,407
1789059709,T1,32,768,0,-14.5,129
1789059709,T2,22,396,0,-21.4,71
1789059709,T3,19,266,0,-31.5,9
1789068910,5,7,185,4,-18.0,226
1789068910,7,2,48,0,62.7,330
1789068910,C4,11,323,70,-83.3,437
1789068910,T1,17,408,0,-8.1,114
1789068910,T2,13,234,0,-33.0,60
1789068910,T3,12,168,0,-22.8,248
1789077386,5,2,53,1,-5.5,301
1789077386,C4,2,60,14,-73.2,118
1789077386,T1,10,240,0,-31.8,59
1789077386,T2,8,144,0,-27.7,63
1789077386,T3,6,84,0,-49.2,16
1789097349,10B,1,38,4,0.0,0
1789097349,15,1,34,0,0.0,0
1789097349,20,2,51,0,0.0,0
1789097349,22,1,23,0,0.0,0
1789097349,24,1,25,0,0.0,0
1789097349,25,3,74,3,-0.2,43
1789097349,28,1,37,10,0.0,0
1789097349,5,6,159,3,-1.9,0
1789097349,7,3,72,0,-6.0,43
1789097349,C4,4,120,0,8.8,72
1789097349,T1,13,312,0,-8.8,85
1789097349,T2,12,216,0,-24.1,41
1789097349,T3,7,94,0,-16.4,0
1789114664,10A,5,195,25,320.0,3951
1789114664,10B,4,152,16,1374.4,3179
1789114664,11,4,54,0,-3.1,38
1789114664,12,6,135,0,-15.4,120
1789114664,13,6,141,0,13.5,180
1789114664,14,4,98,0,-9.3,7
1789114664,15,6,198,0,-5.4,168
1789114664,16,10,255,10,12.5,176
1789114664,20,5,132,0,-18.6,66
1789114664,21,6,126,0,26.5,143
1789114664,8,8,298,4,1.7,175
1789114664,23,4,84,2,-79.8,0
1789114664,24,4,96,0,-2.9,43
1789114664,25,6,152,6,-17.2,153
1789114664,26,6,135,0,-21.0,50
1789114664,28,6,219,57,-11.5,149
1789114664,32,3,36,8,-82.6,48
1789114664,33,2,16,0,-66.5,92
1789114664,34,2,16,0,-45.0,0
1789114664,5,18,477,9,19.3,255
1789114664,6,16,352,24,41.8,240
1789114664,7,4,96,0,-25.5,62
1789114664,22,3,69,0,-3.4,82
1789114664,C4,16,480,0,28.8,372
1789114664,T1,32,768,0,-13.4,116
1789114664,T2,21,378,0,-29.7,79
1789114664,T3,19,266,0,-22.0,123
1789131513,10B,5,190,20,0.9,177
1789131513,10A,5,195,25,86.6,609
1789131513,11,4,54,0,-20.2,9
1789131513,12,6,135,0,-15.8,143
1789131513,13,6,141,0,26.7,195
1789131513,14,7,171,0,952.6,2495
1789131513,15,7,230,0,-20.8,105
1789131513,16,10,255,10,-9.7,168
1789131513,20,5,135,0,22.5,143
1789131513,21,6,126,0,38.3,257
1789131513,8,8,298,4,30.5,191
1789131513,23,6,126,3,-1.3,101
1789131513,24,5,119,0,38.0,221
1789131513,25,6,156,6,22.5,239
1789131513,26,6,135,0,-11.0,97
1789131513,28,7,256,66,-7.1,83
1789131513,32,1,12,3,-10.0,0
1789131513,33,3,24,0,-98.4,102
1789131513,34,3,24,0,-94.3,55
1789131513,5,18,477,9,3.4,288
1789131513,6,16,352,24,4.1,158
1789131513,7,4,96,0,-26.3,300
1789131513,22,3,69,0,-11.3,0
1789131513,C4,18,540,0,-0.4,214
1789131513,T1,34,816,0,-13.0,207
1789131513,T2,21,378,0,-27.8,102
1789131513,T3,20,267,0,-22.0,128
1789145970,10A,7,273,35,441.7,3182
1789145970,10B,5,190,20,611.7,2869
1789145970,11,4,54,0,-38.5,0
1789145970,12,5,112,0,11.2,181
1789145970,13,8,204,0,-18.8,105
1789145970,14,8,196,0,-42.2,22
1789145970,15,6,198,0,7.0,224
1789145970,16,9,229,9,-6.6,97
1789145970,20,5,135,0,34.4,449
1789145970,21,6,127,0,140.1,515
1789145970,8,12,447,6,-10.1,148
1789145970,22,5,115,0,-19.6,48
1789145970,23,3,63,1,-54.8,0
1789145970,24,4,96,0,11.0,214
1789145970,25,5,128,5,-22.6,296
1789145970,26,5,110,0,-5.4,108
1789145970,28,8,292,76,-19.6,199
1789145970,32,3,36,8,-72.8,163
1789145970,33,3,24,0,-54.9,151
1789145970,34,2,16,0,-104.5,118
1789145970,5,16,424,8,-17.8,306
1789145970,6,13,285,18,-33.7,124
1789145970,7,4,96,0,-12.1,70
1789145970,C4,15,450,0,-0.7,315
1789145970,T1,32,768,0,-15.7,88
1789145970,T2,22,396,0,-27.3,149
1789145970,T3,21,294,0,-21.2,80
1789155251,5,8,212,4,14.9,361
1789155251,7,3,72,0,-6.4,78
1789155251,C4,11,330,0,21.3,290
1789155251,T1,17,408,0,-7.6,105
1789155251,T2,13,234,0,-28.6,57
1789155251,T3,11,154,0,-39.2,18
1789163949,5,2,53,1,28.0,204
1789163949,C4,2,60,0,21.8,123
1789163949,T1,9,216,0,-8.5,84
1789163949,T2,8,144,0,-31.6,80
1789163949,T3,6,84,0,-44.2,75
1789187806,10A,2,78,10,-8.5,0
1789187806,10B,3,114,12,-7.2,0
1789187806,11,4,54,0,2.3,50
1789187806,12,4,90,0,23.7,173
1789187806,13,4,94,0,18.1,89
1789187806,14,5,122,0,-25.8,55
1789187806,16,6,153,6,31.6,248
1789187806,20,6,161,0,-13.3,48
1789187806,21,4,84,0,10.2,56
1789187806,22,1,23,0,0.0,0
1789187806,23,3,63,2,-7.6,0
1789187806,24,4,96,0,-14.0,27
1789187806,25,2,50,2,0.0,0
1789187806,26,4,90,0,0.0,0
1789187806,28,4,146,36,-23.3,51
1789187806,5,8,212,24,29.7,240
1789187806,6,4,88,6,-4.8,0
1789187806,7,4,96,0,-25.6,128
1789187806,8,6,224,0,112.4,439
1789187806,C4,7,213,0,-23.8,190
1789187806,T1,16,384,0,-23.4,62
1789187806,T2,14,252,0,-47.8,25
1789187806,T3,12,164,0,-27.1,126
1789203165,10B,3,114,12,1068.2,3199
1789203165,10A,5,195,25,674.9,3439
1789203165,11,4,54,0,2.3,134
1789203165,12,6,135,0,-27.8,95
1789203165,13,6,141,0,-18.2,41
1789203165,14,5,122,0,-4.8,224
1789203165,15,2,60,0,4.6,74
1789203165,16,5,127,5,46.9,325
1789203165,20,5,135,0,31.7,291
1789203165,21,6,126,0,6.7,136
1789203165,8,8,298,0,5.6,163
1789203165,22,3,69,0,-24.0,14
1789203165,23,6,126,3,-31.0,14
1789203165,24,4,96,0,-21.1,19
1789203165,25,4,97,4,-20.0,253
1789203165,26,6,135,0,9.2,346
1789203165,28,4,146,36,32.6,169
1789203165,5,13,344,42,79.0,500
1789203165,6,6,132,9,23.6,296
1789203165,7,4,96,0,11.5,156
1789203165,C4,10,305,0,56.5,560
1789203165,T1,16,384,0,-3.2,151
1789203165,T2,14,252,0,-30.0,35
1789203165,T3,12,168,0,-11.1,237
1789216964,10A,3,117,15,75.7,777
1789216964,10B,4,152,16,2.7,348
1789216964,11,5,68,0,26.2,285
1789216964,12,4,90,0,51.6,233
1789216964,13,5,120,0,-4.8,158
1789216964,14,10,245,0,-26.8,102
1789216964,15,2,66,0,43.8,133
1789216964,16,8,204,8,24.8,332
1789216964,20,4,110,0,15.2,80
1789216964,21,6,126,0,18.8,219
1789216964,8,8,298,0,2.7,185
1789216964,23,6,126,3,-18.7,90
1789216964,24,4,96,0,-5.6,150
1789216964,25,4,101,4,-62.2,68
1789216964,26,4,90,0,-12.2,45
1789216964,28,4,146,36,15.3,156
1789216964,5,25,492,48,98.9,618
1789216964,6,9,198,19,52.2,995
1789216964,7,7,168,0,-25.2,131
1789216964,22,3,69,0,53.7,362
1789216964,C4,13,379,0,84.6,715
1789216964,T1,21,504,0,-10.0,113
1789216964,T2,19,342,0,-17.8,183
1789216964,T3,17,238,0,-5.3,425
1789228345,10A,4,156,20,-18.8,33
1789228345,10B,3,114,12,15.6,421
1789228345,11,3,41,0,-32.2,0
1789228345,12,4,90,0,-17.2,25
1789228345,13,6,141,0,-11.6,34
1789228345,14,9,220,0,-34.7,292
1789228345,15,2,66,0,-11.5,34
1789228345,16,8,204,8,134.6,654
1789228345,20,4,114,0,32.1,207
1789228345,21,5,102,0,0.3,215
1789228345,22,3,69,0,-2.7,73
1789228345,23,4,84,2,-142.6,0
1789228345,24,4,96,0,-2.1,182
1789228345,25,4,96,4,-83.0,1
1789228345,26,6,135,0,-8.8,147
1789228345,28,5,182,45,-30.4,110
1789228345,5,16,390,42,145.1,677
1789228345,6,8,176,12,-6.9,91
1789228345,7,7,168,0,-29.0,312
1789228345,8,9,337,0,26.8,276
1789228345,C4,14,406,0,14.8,302
1789228345,T1,21,504,0,-8.3,121
1789228345,T2,18,324,0,-24.0,103
1789228345,T3,16,224,0,-14.1,181
1789236723,10B,1,38,4,6.2,318
1789236723,10A,1,39,5,31.1,572
1789236723,11,1,14,0,-31.7,18
1789236723,12,2,45,0,49.7,303
1789236723,13,2,47,0,-12.8,0
1789236723,14,5,122,0,14.9,229
1789236723,16,3,77,3,17.3,268
1789236723,20,2,59,0,8.2,136
1789236723,21,1,18,0,161.7,240
1789236723,8,4,149,0,76.4,224
1789236723,24,1,25,0,-3.8,50
1789236723,25,3,74,3,-55.6,99
1789236723,28,1,36,9,-60.3,50
1789236723,5,10,265,30,57.0,365
1789236723,7,5,120,0,-25.2,310
1789236723,22,2,46,0,-9.1,0
1789236723,C4,11,319,0,-22.9,333
1789236723,T1,19,456,0,-16.5,124
1789236723,T2,17,306,0,-33.9,69
1789236723,T3,14,196,0,-18.8,101
1789245352,5,6,159,18,38.9,240
1789245352,C4,5,145,0,-53.0,15
1789245352,T1,14,336,0,-18.6,102
1789245352,T2,12,216,0,-26.2,49
1789245352,T3,7,98,0,-35.2,30
1789252531,T1,6,144,0,12.4,143
1789252531,T2,4,72,0,-24.5,67
1789252531,T3,2,28,0,-37.0,47
1789276427,10A,1,39,5,0.0,0
1789276427,10B,1,38,4,0.0,0
1789276427,11,1,13,1,0.0,0
1789276427,12,1,23,0,0.0,0
1789276427,14,1,25,0,0.0,0
1789276427,16,1,26,1,0.0,0
1789276427,20,1,26,0,0.0,0
1789276427,21,1,24,0,0.0,0
1789276427,5,2,53,1,0.0,0
1789276427,6,1,22,2,0.0,0
1789276427,7,2,48,0,-20.2,30
1789276427,8,2,74,0,0.0,0
1789276427,C4,1,29,0,0.0,0
1789276427,T1,8,192,0,7.5,145
1789276427,T2,6,108,0,-57.6,0
1789276427,T3,6,84,0,-34.9,74
1789294865,10A,3,117,15,1123.4,3560
1789294865,10B,2,76,8,1489.7,3200
1789294865,11,2,27,2,0.0,0
1789294865,12,3,68,0,-19.6,89
1789294865,14,2,49,0,-18.4,0
1789294865,16,3,77,3,1.5,25
1789294865,20,2,55,0,-27.6,0
1789294865,21,2,42,0,17.2,137
1789294865,25,2,46,2,42.7,180
1789294865,5,9,188,3,32.1,300
1789294865,6,2,44,3,-2.7,40
1789294865,7,2,48,0,-29.5,0
1789294865,8,5,188,0,-150.4,109
1789294865,C4,6,174,0,-15.2,122
1789294865,T1,12,288,0,-22.2,101
1789294865,T2,10,180,0,-44.1,36
1789294865,T3,6,84,0,-35.5,58
1789310135,10A,3,117,15,1126.3,3415
1789310135,10B,2,76,8,1364.4,2885
1789310135,12,2,45,0,-20.0,0
1789310135,14,2,49,0,-57.7,12
1789310135,16,2,51,2,-12.9,0
1789310135,20,2,55,0,-2.2,29
1789310135,21,2,42,0,-4.2,42
1789310135,25,2,55,2,30.9,123
1789310135,5,9,188,3,33.9,238
1789310135,6,2,44,3,-9.5,0
1789310135,7,2,48,0,-16.2,0
1789310135,8,4,149,0,37.6,248
1789310135,C4,7,203,0,27.7,228
1789310135,T1,18,353,0,59.5,524
1789310135,T2,10,180,0,-44.8,78
1789310135,T3,6,84,0,-37.4,0
1789321374,10A,1,39,5,283.4,884
1789321374,10B,1,38,4,65.5,279
1789321374,12,1,22,0,57.3,105
1789321374,16,2,51,2,-1.4,97
1789321374,25,2,46,2,-0.2,100
1789321374,5,4,106,2,8.8,90
1789321374,6,6,67,6,3.3,87
1789321374,7,2,48,0,-17.5,0
1789321374,8,1,39,0,-47.1,76
1789321374,C4,6,174,0,-83.2,53
1789321374,T1,39,586,0,-13.9,277
1789321374,T2,11,198,0,-46.4,39
1789321374,T3,6,84,0,-47.8,30
1789329125,5,2,53,1,-30.1,14
1789329125,C4,4,116,0,-17.2,143
1789329125,T1,11,264,0,-22.0,97
1789329125,T2,10,180,0,-37.0,117
1789329125,T3,5,70,0,-51.9,1
1789337551,T1,8,192,0,-36.0,59
1789337551,T2,6,108,0,-8.3,135
1789362283,10A,5,195,25,118.3,440
1789362283,10B,6,228,24,122.1,514
1789362283,11,8,108,0,-12.7,64
1789362283,12,6,135,0,-3.6,0
1789362283,13,7,182,0,7.2,151
1789362283,14,8,196,0,-11.8,0
1789362283,15,8,264,0,16.4,214
1789362283,16,9,228,9,40.2,284
1789362283,20,5,136,0,14.3,127
1789362283,21,8,170,0,27.6,102
1789362283,22,5,115,0,-15.0,55
1789362283,8,11,411,0,35.0,221
1789362283,23,5,105,3,46.4,194
1789362283,24,8,192,0,81.6,460
1789362283,25,6,151,6,-5.2,97
1789362283,26,7,156,0,-5.2,35
1789362283,28,9,331,81,-0.3,146
1789362283,32,3,36,7,-27.5,48
1789362283,33,3,24,0,-45.0,0
1789362283,34,2,16,0,-17.0,41
1789362283,5,14,371,7,15.4,154
1789362283,6,18,370,26,7.4,152
1789362283,7,6,144,0,-24.0,39
1789362283,C4,16,465,0,20.4,281
1789362283,T1,32,768,0,-12.7,156
1789362283,T2,21,378,0,-32.2,52
1789362283,T3,24,315,0,-13.7,40
1789382511,10B,5,190,20,-12.3,189
1789382511,10A,5,195,25,125.9,921
1789382511,11,4,54,0,-15.3,87
1789382511,12,4,90,0,15.7,107
1789382511,13,5,138,0,1.8,84
1789382511,14,5,122,0,-37.6,0
1789382511,15,7,232,0,-11.6,115
1789382511,16,10,255,10,-31.3,96
1789382511,20,4,106,0,28.3,177
1789382511,21,6,127,0,45.3,344
1789382511,8,10,372,0,-10.7,108
1789382511,23,6,126,3,-15.4,87
1789382511,24,4,96,0,41.5,189
1789382511,25,6,156,6,-9.1,151
1789382511,26,7,158,0,-29.7,44
1789382511,28,6,222,54,-32.8,112
1789382511,32,2,24,5,-62.0,155
1789382511,33,2,16,0,-41.2,0
1789382511,34,2,16,0,-109.1,48
1789382511,5,18,477,9,2.3,455
1789382511,6,16,352,25,36.3,322
1789382511,7,4,96,0,-9.1,78
1789382511,22,3,69,0,-11.6,2
1789382511,C4,16,480,0,-5.9,278
1789382511,T1,33,792,0,-9.9,143
1789382511,T2,20,360,0,-30.2,37
1789382511,T3,21,294,0,-24.5,77
1789403816,10A,7,273,5,407.8,3079
1789403816,10B,5,190,0,559.4,2779
1789403816,11,5,68,0,-13.5,134
1789403816,12,7,157,0,-11.3,235
1789403816,13,8,204,0,-16.9,124
1789403816,14,8,196,0,-28.4,112
1789403816,15,8,264,0,63.9,473
1789403816,16,10,255,10,-44.7,64
1789403816,20,4,106,0,-26.9,111
1789403816,21,5,110,0,75.6,428
1789403816,8,13,483,0,-26.6,151
1789403816,22,5,115,0,5.5,121
1789403816,23,5,105,2,21.1,112
1789403816,24,4,96,0,30.7,178
1789403816,25,5,133,5,-58.0,24
1789403816,26,8,180,0,8.2,312
1789403816,28,9,330,81,-23.1,72
1789403816,32,2,24,5,-42.5,0
1789403816,33,3,24,0,-27.5,0
1789403816,34,3,24,0,-133.1,0
1789403816,5,18,477,9,-5.9,279
1789403816,6,17,374,25,-5.3,176
1789403816,7,4,96,0,-19.0,108
1789403816,C4,16,480,0,13.2,422
1789403816,T1,33,792,0,-16.6,272
1789403816,T2,24,432,0,-25.2,146
1789403816,T3,22,308,0,-18.5,190
1789418303,5,6,159,3,-22.5,132
1789418303,C4,5,150,0,-16.8,47
1789418303,T1,14,336,0,-5.2,147
1789418303,T2,11,198,0,-36.9,20
1789418303,T3,7,98,0,-37.4,11
1789428693,T1,1,24,0,-22.0,65
1789456826,10B,6,228,0,559.8,3584
1789456826,10A,5,195,0,681.3,3884
1789456826,11,4,54,0,0.2,91
1789456826,12,5,112,0,8.8,207
1789456826,13,6,141,0,-9.3,108
1789456826,14,6,147,0,-0.3,124
1789456826,15,5,166,0,132.6,644
1789456826,16,10,255,10,-6.2,100
1789456826,20,6,158,0,-5.7,167
1789456826,21,6,126,0,34.7,175
1789456826,8,11,408,0,-12.8,294
1789456826,23,6,126,3,-35.6,0
1789456826,24,6,144,0,9.7,332
1789456826,25,7,170,7,-5.3,219
1789456826,26,6,135,0,5.4,206
1789456826,28,8,294,72,-39.6,80
1789456826,32,2,24,5,-173.6,0
1789456826,33,3,24,0,-67.2,138
1789456826,34,3,24,0,-62.5,0
1789456826,5,18,477,9,38.9,343
1789456826,6,16,352,24,39.4,239
1789456826,7,4,96,0,-20.9,106
1789456826,22,3,69,0,11.2,118
1789456826,C4,19,570,0,16.0,383
1789456826,T1,36,864,0,-7.2,168
1789456826,T2,20,360,0,-25.4,100
1789456826,T3,20,280,0,-14.2,213
1789476597,10B,4,152,0,-66.9,112
1789476597,10A,5,195,0,-0.2,319
1789476597,11,3,40,0,-9.0,0
1789476597,12,5,113,0,-27.0,117
1789476597,13,6,141,0,-11.4,48
1789476597,14,7,171,0,-8.2,196
1789476597,15,7,232,0,-4.1,158
1789476597,16,9,229,9,-22.2,87
1789476597,20,4,110,0,-4.9,99
1789476597,21,6,126,0,20.6,152
1789476597,8,8,298,0,-7.0,116
1789476597,23,4,84,2,-45.4,0
1789476597,24,5,121,0,62.1,464
1789476597,25,6,156,6,-7.7,169
1789476597,26,6,135,0,2.0,149
1789476597,28,7,248,54,15.7,250
1789476597,32,2,24,5,-89.8,403
1789476597,33,3,24,0,-111.3,61
1789476597,34,2,16,0,-11.9,158
1789476597,5,17,450,9,6.2,309
1789476597,6,16,352,24,11.1,197
1789476597,7,5,120,0,-19.9,100
1789476597,22,4,92,0,-17.4,51
1789476597,C4,16,480,0,23.3,356
1789476597,T1,33,792,0,-22.8,112
1789476597,T2,21,378,0,-30.6,95
1789476597,T3,18,252,0,-12.0,137
1789493516,10B,4,152,0,-98.8,792
1789493516,10A,4,156,0,20.6,509
1789493516,11,3,41,0,-33.0,0
1789493516,12,4,90,0,-28.4,75
1789493516,13,6,153,0,-30.3,21
1789493516,14,9,220,0,2.3,435
1789493516,15,4,132,0,39.2,171
1789493516,16,7,178,7,-33.6,351
1789493516,20,3,84,0,20.8,168
1789493516,21,4,85,0,49.6,257
1789493516,8,10,372,0,-6.4,203
1789493516,22,6,94,0,132.6,346
1789493516,23,1,21,0,0.0,0
1789493516,24,3,73,0,86.5,425
1789493516,25,5,124,5,-42.7,260
1789493516,26,2,45,0,-56.7,73
1789493516,28,6,219,54,-24.6,26
1789493516,32,2,24,5,-60.0,206
1789493516,33,1,8,0,51.8,121
1789493516,34,1,8,0,0.0,0
1789493516,5,15,397,8,-28.5,132
1789493516,6,7,153,9,-68.0,179
1789493516,7,4,96,0,-27.3,43
1789493516,C4,15,450,14,63.2,1250
1789493516,T1,29,696,0,-19.0,84
1789493516,T2,19,342,0,-30.3,27
1789493516,T3,17,238,0,-11.6,110
1789504014,5,4,106,2,-14.2,119
1789504014,C4,8,240,14,110.2,1250
1789504014,T1,15,360,0,-18.1,76
1789504014,T2,11,198,0,-22.5,162
1789504014,T3,8,112,0,-29.2,43
1789513586,C4,1,30,14,718.2,1250
1789513586,T1,2,48,0,-32.2,20
1789513586,T2,1,18,0,-37.3,12
1789540307,10A,5,195,0,-8.8,130
1789540307,10B,5,190,0,-15.6,47
1789540307,11,5,68,0,-11.6,48
1789540307,12,8,180,0,-3.1,147
1789540307,13,8,198,0,-1.5,239
1789540307,14,8,196,0,-4.2,163
1789540307,15,6,198,0,-37.1,120
1789540307,16,9,229,9,-17.8,153
1789540307,20,7,195,0,50.1,397
1789540307,21,6,126,0,18.4,169
1789540307,22,5,115,0,-8.5,99
1789540307,8,14,521,0,-5.5,196
1789540307,23,6,126,3,1.3,128
1789540307,24,6,144,0,-9.7,161
1789540307,25,6,151,6,-15.1,137
1789540307,26,8,181,0,-12.7,57
1789540307,28,8,296,72,-18.7,92
1789540307,32,2,24,5,-45.0,0
1789540307,33,4,32,0,-80.6,0
1789540307,34,3,24,0,-51.4,104
1789540307,5,16,424,8,21.9,402
1789540307,6,18,396,27,9.5,312
1789540307,7,6,144,0,27.1,324
1789540307,C4,19,570,0,11.8,272
1789540307,T1,34,816,0,-2.2,194
1789540307,T2,21,378,0,-31.7,104
1789540307,T3,23,322,0,-21.2,63
1789560030,10B,4,152,0,-9.1,35
1789560030,10A,5,195,5,-12.0,35
1789560030,11,4,54,0,-84.2,84
1789560030,12,4,90,0,-2.0,99
1789560030,13,6,73,0,47.8,227
1789560030,14,6,147,0,-1.3,103
1789560030,15,7,230,0,-9.2,162
1789560030,16,10,255,10,-11.2,186
1789560030,20,4,110,0,31.3,153
1789560030,21,4,84,0,35.7,209
1789560030,8,9,337,0,3.9,279
1789560030,22,3,69,0,19.4,112
1789560030,23,6,126,3,51.6,338
1789560030,24,5,121,0,51.0,438
1789560030,25,5,129,5,4.6,189
1789560030,26,6,135,0,10.8,143
1789560030,28,7,255,63,-9.9,118
1789560030,32,2,24,5,-91.0,28
1789560030,33,2,16,0,-60.0,0
1789560030,34,3,24,0,-79.1,84
1789560030,5,18,476,24,2.8,215
1789560030,6,18,396,27,15.8,277
1789560030,7,5,120,0,-26.5,66
1789560030,C4,18,540,0,11.0,282
1789560030,T1,35,840,0,-15.2,170
1789560030,T2,21,378,0,-28.3,74
1789560030,T3,20,280,0,-20.5,94
1789577098,10A,6,234,6,-29.9,233
1789577098,10B,5,190,0,13.4,182
1789577098,11,5,67,0,-36.0,0
1789577098,12,6,135,0,-22.2,23
1789577098,13,8,255,51,-9.6,148
1789577098,14,10,245,0,1.0,328
1789577098,15,7,232,0,-32.7,125
1789577098,16,11,280,11,-25.3,87
1789577098,20,4,106,0,-5.6,170
1789577098,21,5,109,0,15.8,101
1789577098,8,13,482,0,-57.3,181
1789577098,22,6,138,0,-7.1,89
1789577098,23,5,105,22,-30.2,25
1789577098,24,4,96,0,26.0,160
1789577098,25,6,156,6,-13.6,183
1789577098,26,6,135,0,-15.4,106
1789577098,28,9,330,81,-37.4,75
1789577098,32,2,24,5,-70.5,0
1789577098,33,3,24,0,-12.9,57
1789577098,34,2,16,0,-82.5,0
1789577098,5,18,476,24,-17.3,193
1789577098,6,17,373,24,2.1,224
1789577098,7,4,96,0,7.5,126
1789577098,C4,15,450,0,4.8,213
1789577098,T1,33,792,0,-7.5,172
1789577098,T2,22,396,0,-32.2,56
1789577098,T3,22,308,0,-0.6,192
1789587964,5,8,211,19,9.9,1232
1789587964,7,2,48,0,-71.9,19
1789587964,C4,11,330,0,-43.3,98
1789587964,T1,17,408,0,-0.7,185
1789587964,T2,13,234,0,-23.5,64
1789587964,T3,11,154,0,-20.8,129
1789597560,5,1,26,15,22.3,128
1789597560,T1,7,168,0,-12.8,74
1789597560,T2,4,72,0,-28.6,79
1789597560,T3,2,28,0,-9.8,0
1789624345,10B,5,190,0,25.7,262
1789624345,10A,6,234,0,-13.6,32
1789624345,11,8,108,0,-4.4,78
1789624345,12,10,225,0,-2.3,190
1789624345,13,8,208,0,17.6,201
1789624345,14,10,245,0,-11.2,159
1789624345,15,8,266,0,0.2,198
1789624345,16,8,204,8,13.0,246
1789624345,20,6,169,0,16.0,177
1789624345,21,8,169,0,17.0,155
1789624345,22,6,138,0,1.7,367
1789624345,8,13,485,0,12.8,398
1789624345,23,6,126,3,-20.0,22
1789624345,24,6,144,0,5.2,195
1789624345,25,6,152,6,43.6,249
1789624345,26,8,182,0,-7.6,96
1789624345,28,10,370,90,-5.9,103
1789624345,32,3,33,5,-260.2,30
1789624345,33,5,40,0,-87.6,124
1789624345,34,3,24,0,-55.0,0
1789624345,5,16,424,8,24.3,311
1789624345,6,21,436,31,31.9,334
1789624345,7,6,144,0,-10.7,130
1789624345,C4,21,615,0,33.9,432
1789624345,T1,37,888,0,-1.6,174
1789624345,T2,23,414,0,-15.6,212
1789624345,T3,25,346,0,-15.2,124
1789643464,10B,4,152,0,-2.6,60
1789643464,10A,4,156,0,-41.3,25
1789643464,11,3,41,0,-0.9,54
1789643464,12,4,90,0,5.0,55
1789643464,13,5,138,9,153.8,410
1789643464,14,4,98,0,-30.9,0
1789643464,15,7,232,0,-25.8,36
1789643464,16,8,204,8,-15.5,39
1789643464,20,4,102,0,-5.3,0
1789643464,21,6,127,0,43.4,278
1789643464,8,8,298,0,-16.9,51
1789643464,22,3,69,0,-7.7,39
1789643464,23,6,126,3,-12.4,95
1789643464,24,6,144,0,43.9,343
1789643464,25,6,147,6,-13.5,171
1789643464,26,8,182,0,-9.3,69
1789643464,28,6,221,54,-14.8,54
1789643464,32,2,24,5,-101.3,0
1789643464,33,2,16,0,-67.5,0
1789643464,34,2,16,0,-18.8,0
1789643464,5,17,450,9,-8.8,192
1789643464,6,16,352,24,68.0,613
1789643464,7,4,96,0,-31.8,69
1789643464,C4,18,480,0,-12.3,170
1789643464,T1,34,816,0,-6.8,255
1789643464,T2,20,360,0,-22.9,106
1789643464,T3,21,294,0,-31.0,52
1789659295,10A,5,195,0,-28.1,31
1789659295,10B,5,190,0,39.5,314
1789659295,11,8,108,0,-24.5,27
1789659295,12,8,180,0,8.9,277
1789659295,13,8,204,0,38.2,300
1789659295,14,10,245,0,57.0,339
1789659295,15,8,264,0,190.8,908
1789659295,16,11,280,11,67.5,589
1789659295,20,6,165,0,45.0,274
1789659295,21,4,86,0,139.1,357
1789659295,8,14,522,0,35.3,535
1789659295,22,5,115,0,36.5,287
1789659295,23,6,126,3,19.4,178
1789659295,24,8,192,0,163.4,1001
1789659295,25,5,133,5,-37.7,189
1789659295,26,7,161,0,-36.9,272
1789659295,28,9,332,81,-14.2,102
1789659295,32,2,24,5,-17.5,0
1789659295,33,3,24,0,-97.5,0
1789659295,34,3,24,0,-44.0,127
1789659295,5,19,504,9,28.0,628
1789659295,6,19,361,25,80.6,590
1789659295,7,6,144,0,93.9,408
1789659295,C4,19,510,0,44.0,319
1789659295,T1,35,816,0,-318.7,498
1789659295,T2,23,378,0,-18.4,213
1789659295,T3,25,350,0,4.2,328
1789672760,5,10,264,6,-2.9,889
1789672760,7,3,72,0,21.1,339
1789672760,22,1,23,0,-54.6,32
1789672760,C4,11,330,0,21.0,326
1789672760,T1,17,408,0,-11.3,93
1789672760,T2,13,234,0,-26.9,51
1789672760,T3,12,168,0,-38.8,59
1789683766,T1,7,168,0,13.2,175
1789683766,T2,5,90,0,0.1,81
1789683766,T3,4,56,0,-21.6,71
1789708556,10B,5,190,0,8.3,118
1789708556,10A,5,195,0,-13.8,43
1789708556,11,8,108,0,2.4,124
1789708556,12,8,180,0,20.4,234
1789708556,13,7,182,0,10.6,166
1789708556,14,8,196,0,3.1,91
1789708556,15,7,232,0,24.2,216
1789708556,16,10,254,10,-33.2,52
1789708556,20,6,110,0,39.6,338
1789708556,21,8,164,0,43.5,265
1789708556,22,5,115,0,-5.3,119
1789708556,8,12,447,0,14.1,237
1789708556,23,4,84,2,-34.1,0
1789708556,24,6,144,0,32.4,300
1789708556,25,5,128,5,60.2,353
1789708556,26,8,182,0,2.1,208
1789708556,28,11,405,99,-5.3,125
1789708556,32,3,36,7,-54.7,91
1789708556,33,4,32,0,-50.0,78
1789708556,34,2,16,0,-37.5,0
1789708556,5,15,398,7,0.5,241
1789708556,6,18,370,26,-3.8,183
1789708556,7,7,168,0,-27.7,162
1789708556,C4,17,495,0,9.8,138
1789708556,T1,33,792,0,-10.8,81
1789708556,T2,22,396,0,-33.0,42
1789708556,T3,25,301,0,-15.2,279
1789725174,10B,4,152,0,6.3,103
1789725174,10A,4,156,0,-13.6,133
1789725174,11,4,54,0,28.4,122
1789725174,12,4,90,0,6.7,68
1789725174,13,6,155,0,-6.0,104
1789725174,14,5,123,0,19.5,268
1789725174,15,6,200,0,27.8,341
1789725174,16,9,229,9,-8.9,155
1789725174,20,4,110,0,8.7,53
1789725174,21,5,109,0,-2.2,43
1789725174,8,10,372,0,0.2,301
1789725174,23,6,126,3,-15.2,30
1789725174,24,4,96,0,-5.2,35
1789725174,25,6,152,6,11.9,338
1789725174,26,7,92,0,-122.5,21
1789725174,28,6,222,54,-15.0,129
1789725174,32,2,24,5,-22.1,119
1789725174,33,3,24,0,-87.9,35
1789725174,34,2,16,0,-37.5,0
1789725174,5,18,477,9,23.9,351
1789725174,6,14,308,21,36.7,333
1789725174,7,4,96,0,-0.6,169
1789725174,22,3,69,0,33.3,213
1789725174,C4,16,480,0,21.3,265
1789725174,T1,34,816,0,-18.0,80
1789725174,T2,21,378,0,-27.9,127
1789725174,T3,21,290,0,-15.6,101
1789740665,10B,6,190,0,-17.8,36
1789740665,10A,5,195,9,-13.4,27
1789740665,11,7,95,0,7.7,111
1789740665,12,7,157,0,-9.5,109
1789740665,13,9,230,0,7.8,220
1789740665,14,10,245,0,9.0,238
1789740665,15,7,232,0,-6.5,119
1789740665,16,12,306,12,18.4,357
1789740665,20,6,169,0,41.0,269
1789740665,21,4,84,0,-0.1,55
1789740665,8,12,447,0,25.3,195
1789740665,22,6,138,0,-0.2,188
1789740665,23,6,126,3,-15.9,85
1789740665,24,8,192,0,117.5,440
1789740665,25,7,179,7,-5.3,208
1789740665,26,7,158,0,-15.1,83
1789740665,28,8,294,72,-15.8,64
1789740665,32,3,36,7,-27.0,109
1789740665,33,2,16,0,-78.8,0
1789740665,34,2,16,0,-60.0,0
1789740665,5,18,477,9,-2.8,274
1789740665,6,19,405,28,13.6,293
1789740665,7,6,144,0,15.1,152
1789740665,C4,21,630,0,21.6,710
1789740665,T1,34,816,0,-1.5,193
1789740665,T2,23,414,0,-20.0,81
1789740665,T3,24,336,0,-18.0,150
1789753461,10B,3,114,0,-33.3,0
1789753461,10A,4,156,0,0.8,197
1789753461,11,2,27,0,-8.8,25
1789753461,12,4,90,0,38.6,277
1789753461,13,5,132,0,87.2,352
1789753461,14,8,196,0,-31.6,85
1789753461,15,3,100,0,127.3,448
1789753461,16,6,153,6,3.2,208
1789753461,20,2,59,0,0.0,0
1789753461,21,3,67,0,71.5,339
1789753461,22,4,92,0,-15.9,387
1789753461,8,8,298,0,-18.5,113
1789753461,23,1,21,0,-0.3,102
1789753461,24,3,73,0,-31.9,69
1789753461,25,3,74,3,-32.5,62
1789753461,26,2,45,0,106.6,262
1789753461,28,6,219,54,13.2,297
1789753461,32,1,12,3,-10.0,0
1789753461,34,1,8,0,-193.6,-19
1789753461,5,14,371,7,-29.7,123
1789753461,6,5,109,6,-73.7,118
1789753461,7,4,96,0,-33.4,0
1789753461,C4,13,390,0,10.5,283
1789753461,T1,28,672,0,-7.6,153
1789753461,T2,18,324,0,-22.9,128
1789753461,T3,18,252,4,-17.3,686
1789761647,5,7,185,4,28.3,398
1789761647,7,2,48,0,41.7,316
1789761647,C4,9,270,0,-25.4,73
1789761647,T1,17,408,0,-4.9,130
1789761647,T2,13,234,0,-13.2,178
1789761647,T3,12,168,4,-17.1,686
1789770637,T1,6,144,0,2.5,147
1789770637,T2,4,72,0,-19.1,54
1789770637,T3,3,42,4,43.3,686
1789794521,10A,3,117,0,-4.7,67
1789794521,10B,3,114,0,31.1,182
1789794521,11,4,54,0,-13.3,0
1789794521,12,4,90,0,-10.7,0
1789794521,13,5,120,0,126.8,825
1789794521,14,4,98,0,7.5,74
1789794521,15,1,31,0,0.0,0
1789794521,16,6,153,6,-20.2,11
1789794521,20,4,110,0,-14.2,83
1789794521,21,6,126,0,22.5,237
1789794521,22,2,46,0,-1.3,10
1789794521,23,4,84,2,-15.0,0
1789794521,24,6,144,0,-9.0,124
1789794521,25,3,73,3,-2.3,55
1789794521,26,4,90,0,31.5,238
1789794521,28,4,146,36,-24.4,77
1789794521,5,10,265,5,-0.1,148
1789794521,6,5,110,7,5.4,100
1789794521,7,4,96,0,-13.7,296
1789794521,8,8,298,0,20.4,342
1789794521,C4,9,274,0,-93.4,182
1789794521,T1,16,384,0,-25.2,105
1789794521,T2,16,288,0,-79.4,113
1789794521,T3,11,154,0,-29.6,150
1789810415,10A,3,117,0,-10.6,28
1789810415,10B,4,152,0,34.1,298
1789810415,11,4,54,0,6.0,139
1789810415,12,6,135,0,-14.5,63
1789810415,13,6,141,0,-8.8,132
1789810415,14,4,98,0,-11.7,63
1789810415,15,2,60,0,-8.1,44
1789810415,16,6,153,6,44.9,363
1789810415,20,5,136,0,5.7,169
1789810415,21,6,126,0,5.3,177
1789810415,8,8,298,0,84.6,388
1789810415,22,3,69,0,51.9,289
1789810415,23,6,126,3,-16.9,98
1789810415,24,4,96,0,4.4,54
1789810415,25,4,101,4,-14.0,83
1789810415,26,6,135,0,9.7,262
1789810415,28,4,146,36,27.6,162
1789810415,5,14,371,7,4.6,270
1789810415,6,4,88,6,-4.8,0
1789810415,7,5,120,0,4.7,151
1789810415,C4,13,396,0,96.0,988
1789810415,T1,18,432,0,-5.3,136
1789810415,T2,16,288,0,-35.6,27
1789810415,T3,14,196,0,-19.7,243
1789824468,10B,3,114,0,29.3,197
1789824468,10A,4,156,0,78.2,285
1789824468,11,4,54,0,4.8,37
1789824468,12,4,90,0,15.1,183
1789824468,13,6,141,0,-8.1,171
1789824468,14,10,245,0,24.9,228
1789824468,15,3,100,0,17.4,120
1789824468,16,8,204,8,10.9,132
1789824468,20,4,110,0,15.3,172
1789824468,21,6,126,0,9.3,148
1789824468,8,8,298,0,-7.5,137
1789824468,23,6,126,3,-15.7,94
1789824468,24,4,96,0,38.5,215
1789824468,25,4,96,4,-50.4,73
1789824468,26,6,135,0,10.4,291
1789824468,28,4,146,36,-50.4,42
1789824468,5,14,371,7,5.9,382
1789824468,6,8,176,12,8.4,210
1789824468,7,7,168,0,-48.5,216
1789824468,22,3,69,0,0.8,120
1789824468,C4,12,348,0,2.9,273
1789824468,T1,21,504,0,-11.6,122
1789824468,T2,18,324,0,-32.3,101
1789824468,T3,16,224,0,-25.0,144
1789836201,10A,3,117,0,2.4,204
1789836201,10B,3,114,0,2.3,74
1789836201,11,4,54,0,-41.8,0
1789836201,12,4,90,0,2.8,149
1789836201,13,6,141,0,42.9,377
1789836201,14,10,245,0,-25.8,86
1789836201,15,2,66,0,-30.2,90
1789836201,16,9,230,9,0.6,204
1789836201,20,4,106,0,62.1,253
1789836201,21,5,108,0,18.2,181
1789836201,22,3,69,0,-13.9,93
1789836201,8,9,337,0,-11.4,132
1789836201,23,5,105,2,1.1,90
1789836201,24,4,96,8,-17.1,273
1789836201,25,4,97,4,-27.2,26
1789836201,26,4,90,0,-11.0,66
1789836201,28,6,219,54,-15.6,121
1789836201,5,14,371,7,5.4,160
1789836201,6,7,154,10,18.0,221
1789836201,7,7,168,0,-47.8,80
1789836201,C4,13,377,0,-1.8,515
1789836201,T1,39,666,0,-11.0,190
1789836201,T2,19,342,0,-27.8,125
1789836201,T3,16,224,0,-20.8,118
1789844357,13,1,21,0,-22.8,20
1789844357,5,8,212,4,-3.0,133
1789844357,7,4,96,0,-28.9,57
1789844357,22,1,23,0,-56.9,-5
1789844357,C4,7,203,0,-82.0,49
1789844357,T1,19,456,0,-6.1,165
1789844357,T2,15,270,0,-17.2,139
1789844357,T3,13,182,0,-14.6,157
1789853099,5,4,106,2,47.6,346
1789853099,C4,4,116,0,-328.3,185
1789853099,T1,29,542,0,116.6,1314
1789853099,T2,9,162,0,-22.9,79
1789853099,T3,6,84,0,-27.0,95
1789860205,T1,2,48,0,-4.3,55
1789886796,10B,2,76,0,-8.4,23
1789886796,10A,2,78,0,-1.1,31
1789886796,12,2,45,0,9.9,216
1789886796,14,2,49,0,-10.1,120
1789886796,16,3,76,3,-30.0,2
1789886796,20,2,55,0,0.0,0
1789886796,21,1,18,0,0.0,0
1789886796,25,3,78,3,-5.5,156
1789886796,5,4,106,2,-8.5,80
1789886796,6,3,66,4,13.6,111
1789886796,7,2,48,0,-15.1,94
1789886796,8,4,149,0,-2.4,52
1789886796,C4,7,203,0,0.3,362
1789886796,T1,11,264,0,-14.9,137
1789886796,T2,8,144,0,-54.1,51
1789886796,T3,6,84,0,-34.1,68
1789905244,10A,2,78,0,-1.7,37
1789905244,10B,2,76,0,5.3,88
1789905244,12,2,45,0,-20.0,0
1789905244,14,2,49,0,-17.1,0
1789905244,16,3,76,3,8.9,70
1789905244,20,2,55,0,45.0,192
1789905244,21,2,42,0,0.0,0
1789905244,25,2,46,2,-52.3,70
1789905244,5,6,159,3,-17.3,63
1789905244,6,3,66,4,10.4,153
1789905244,7,2,48,0,-21.8,69
1789905244,8,4,149,0,-10.9,0
1789905244,C4,6,174,0,-29.5,27
1789905244,T1,11,264,0,-15.2,114
1789905244,T2,10,180,0,-35.6,96
1789905244,T3,5,70,0,-36.7,9
1789918699,10B,3,114,0,22.4,179
1789918699,10A,3,117,0,-21.8,14
1789918699,11,2,27,0,10.4,52
1789918699,12,2,45,0,11.2,134
1789918699,14,2,49,0,-24.5,0
1789918699,16,2,51,2,0.0,0
1789918699,20,2,59,0,-29.1,92
1789918699,25,2,50,2,-27.3,42
1789918699,5,4,106,2,0.9,61
1789918699,6,3,66,4,8.1,132
1789918699,7,2,48,0,-1.1,127
1789918699,8,5,188,0,34.8,346
1789918699,C4,7,203,0,-3.5,174
1789918699,T1,10,240,0,-21.0,68
1789918699,T2,10,180,0,-32.5,75
1789918699,T3,6,84,0,-42.0,46
1789928443,25,2,46,2,-17.0,0
1789928443,5,4,106,2,-7.4,0
1789928443,6,6,54,6,-16.6,91
1789928443,7,2,48,0,-35.0,0
1789928443,C4,6,174,0,31.1,334
1789928443,T1,12,288,0,-22.3,125
1789928443,T2,10,180,0,-36.4,141
1789928443,T3,6,84,0,-30.8,96
1789938078,T1,10,240,0,-28.0,94
1789938078,T2,8,144,0,-22.9,85
1789938078,T3,4,56,0,-23.4,0
1789945907,T1,2,48,0,-47.6,35
1789945907,T2,1,18,0,-92.4,8
1789971833,10A,5,195,0,-19.8,15
1789971833,10B,5,190,0,10.2,133
1789971833,11,7,95,0,4.7,82
1789971833,12,9,203,0,14.1,270
1789971833,13,8,203,0,53.2,457
1789971833,14,8,196,0,-8.5,129
1789971833,15,7,232,0,11.2,171
1789971833,16,10,255,10,13.0,249
1789971833,20,7,195,0,8.4,198
1789971833,21,8,169,0,16.8,215
1789971833,22,5,115,0,-10.4,218
1789971833,8,12,447,0,4.3,194
1789971833,23,6,126,3,-12.3,65
1789971833,24,4,96,0,51.7,232
1789971833,25,6,151,6,48.1,275
1789971833,26,8,181,0,13.4,206
1789971833,28,9,333,81,-3.9,152
1789971833,32,3,36,7,-55.1,279
1789971833,33,4,32,0,-54.8,91
1789971833,34,3,24,0,-85.2,27
1789971833,5,17,450,9,43.1,524
1789971833,6,16,352,24,45.5,351
1789971833,7,5,120,0,8.3,235
1789971833,C4,20,600,0,32.0,322
1789971833,T1,36,864,0,-14.8,222
1789971833,T2,21,378,0,-24.9,62
1789971833,T3,23,322,0,-14.8,121
1789996371,10A,5,195,0,-8.5,94
1789996371,10B,5,190,0,-23.3,53
1789996371,11,4,55,0,-1.7,53
1789996371,12,4,90,0,-4.2,38
1789996371,13,6,150,0,20.3,334
1789996371,14,8,196,0,-9.3,127
1789996371,15,7,232,0,18.3,349
1789996371,16,10,255,10,-12.1,52
1789996371,20,7,194,0,-0.6,192
1789996371,21,6,126,0,2.9,62
1789996371,8,10,372,0,-20.5,58
1789996371,23,6,126,3,20.4,297
1789996371,24,5,119,0,19.5,206
1789996371,25,6,152,6,-7.5,208
1789996371,26,6,136,0,10.4,165
1789996371,28,7,257,63,-12.6,76
1789996371,32,2,24,5,-50.0,0
1789996371,33,3,24,0,-71.7,111
1789996371,34,2,16,0,-22.5,0
1789996371,5,18,476,10,-4.2,367
1789996371,6,16,352,24,10.3,217
1789996371,7,5,120,0,-0.9,168
1789996371,22,4,92,0,-16.2,47
1789996371,C4,18,540,9,24.7,491
1789996371,T1,35,840,0,-9.5,193
1789996371,T2,21,378,0,-19.2,110
1789996371,T3,21,281,0,-22.7,84
1790016335,13,2,51,0,-1.0,83
1790016335,14,2,49,0,-116.4,110
1790016335,25,1,23,1,-13.0,86
1790016335,28,1,37,29,13.2,57
1790016335,5,11,291,6,-2.2,142
1790016335,7,4,96,0,46.9,358
1790016335,22,2,46,0,2.9,45
1790016335,C4,13,390,0,10.4,287
1790016335,T1,19,456,0,-9.3,125
1790016335,T2,15,270,0,-25.4,78
1790016335,T3,13,182,0,-23.0,133
1790029193,28,1,37,29,13.2,57
1790029193,C4,1,30,0,-44.3,237
1790029193,T1,7,168,0,-26.1,41
1790029193,T2,5,90,0,-49.3,6
1790029193,T3,4,56,0,-22.2,33
1790057790,10A,6,234,0,-19.3,60
1790057790,10B,5,190,0,15.4,154
1790057790,11,7,95,0,4.0,91
1790057790,12,10,225,0,20.6,400
1790057790,13,8,203,0,6.5,212
1790057790,14,9,220,0,9.6,277
1790057790,15,6,198,0,3.4,100
1790057790,16,9,230,9,15.5,266
1790057790,20,6,165,0,27.7,204
1790057790,21,8,169,0,16.4,164
1790057790,22,5,115,0,-6.5,74
1790057790,8,13,486,0,13.2,192
1790057790,23,5,105,3,-45.7,220
1790057790,24,4,96,0,55.5,268
1790057790,25,6,151,6,-21.7,139
1790057790,26,8,181,0,-7.2,99
1790057790,28,10,370,90,1.0,150
1790057790,32,2,24,5,-34.8,75
1790057790,33,4,32,0,-104.5,107
1790057790,34,2,16,0,-37.5,0
1790057790,5,16,424,8,25.8,322
1790057790,6,20,440,30,92.5,491
1790057790,7,6,120,0,-230.7,332
1790057790,C4,21,630,0,42.5,398
1790057790,T1,36,864,0,2.9,308
1790057790,T2,22,396,0,-29.9,93
1790057790,T3,23,322,0,-14.4,123
1790077825,10B,5,190,0,31.9,271
1790077825,10A,4,156,0,-17.9,14
1790077825,11,4,54,0,-9.2,52
1790077825,12,4,90,0,-5.8,24
1790077825,13,6,146,0,-5.8,59
1790077825,14,5,122,0,4.0,67
1790077825,15,7,232,0,17.3,384
1790077825,16,8,204,8,-1.7,99
1790077825,20,5,135,0,-1.3,131
1790077825,21,6,126,0,53.7,394
1790077825,8,8,298,0,4.2,139
1790077825,22,3,69,0,39.0,240
1790077825,23,7,147,4,0.6,331
1790077825,24,6,144,0,11.1,191
1790077825,25,6,156,6,28.6,368
1790077825,26,7,161,0,-2.8,153
1790077825,28,6,182,45,4.4,170
1790077825,32,2,24,5,-42.5,0
1790077825,33,3,24,0,-119.0,47
1790077825,34,3,24,0,-65.1,97
1790077825,5,17,450,9,4.5,272
1790077825,6,17,374,25,21.7,174
1790077825,7,4,96,0,-7.9,99
1790077825,C4,16,480,0,10.7,240
1790077825,T1,36,864,0,3.4,294
1790077825,T2,21,378,0,-14.7,168
1790077825,T3,20,280,0,-9.2,306
1790094553,10B,5,190,0,-6.6,97
1790094553,10A,6,234,0,-30.0,21
1790094553,11,6,81,0,35.3,273
1790094553,12,8,180,0,-13.7,159
1790094553,13,7,183,0,-16.3,70
1790094553,14,10,245,0,-16.5,312
1790094553,15,7,230,0,35.1,320
1790094553,16,11,280,11,-30.9,129
1790094553,20,5,110,0,145.9,527
1790094553,21,6,128,0,25.9,249
1790094553,8,15,557,0,9.6,273
1790094553,22,6,138,0,1.4,101
1790094553,23,5,105,3,-44.6,352
1790094553,24,4,96,0,-70.7,0
1790094553,25,5,132,5,-17.7,333
1790094553,26,8,180,0,0.1,251
1790094553,28,8,293,72,30.8,351
1790094553,32,3,36,7,-52.0,37
1790094553,33,4,32,0,-86.3,51
1790094553,34,2,16,0,32.5,220
1790094553,5,19,503,10,10.9,348
1790094553,6,16,352,24,38.7,401
1790094553,7,5,120,0,45.6,359
1790094553,C4,17,510,0,31.7,343
1790094553,T1,34,816,0,-7.1,333
1790094553,T2,23,414,0,-29.0,95
1790094553,T3,23,322,0,-27.7,71
1790106749,5,8,212,4,-21.7,86
1790106749,7,2,48,0,-66.9,12
1790106749,C4,10,300,0,17.2,261
1790106749,T1,16,384,0,-8.3,123
1790106749,T2,14,252,0,-20.3,83
1790106749,T3,9,126,0,-20.0,47
1790117309,T1,4,96,0,-40.4,14
1790117309,T2,2,36,0,-21.3,3
1790117309,T3,2,28,0,-43.9,20
1790144747,10A,5,195,0,-28.8,124
1790144747,10B,4,152,0,-24.2,5
1790144747,11,7,95,2,-20.9,61
1790144747,12,8,180,0,-16.1,57
1790144747,13,8,203,0,1.8,226
1790144747,14,8,196,0,-3.2,226
1790144747,15,7,232,0,-13.0,187
1790144747,16,10,255,10,-21.1,78
1790144747,20,7,195,0,62.7,300
1790144747,21,8,169,0,35.5,354
1790144747,22,5,115,0,21.7,215
1790144747,8,12,447,0,9.8,259
1790144747,23,6,126,3,28.2,175
1790144747,24,4,96,0,-6.2,179
1790144747,25,6,151,6,33.7,303
1790144747,26,8,181,0,-14.2,58
1790144747,28,9,333,81,20.9,204
1790144747,32,3,36,7,-9.2,275
1790144747,33,4,32,0,-34.3,177
1790144747,34,3,24,0,-43.2,100
1790144747,5,18,477,9,16.1,304
1790144747,6,18,396,27,17.9,347
1790144747,7,6,144,0,23.6,257
1790144747,C4,21,630,18,11.4,259
1790144747,T1,37,888,0,-8.8,150
1790144747,T2,22,396,0,-26.2,61
1790144747,T3,24,336,0,-16.7,124
1790164795,10B,4,152,0,9.8,128
1790164795,10A,4,156,0,-17.1,98
1790164795,11,4,54,4,95.8,342
1790164795,12,4,90,0,6.9,92
1790164795,13,6,146,0,33.6,267
1790164795,14,6,123,0,67.0,239
1790164795,15,7,230,0,-3.0,202
1790164795,16,10,255,10,-17.7,114
1790164795,20,4,110,0,18.9,139
1790164795,21,5,102,0,216.7,695
1790164795,8,10,373,0,-5.4,327
1790164795,22,2,46,0,3.2,51
1790164795,23,6,126,3,12.8,134
1790164795,24,5,119,0,16.0,469
1790164795,25,5,129,5,-30.8,76
1790164795,26,6,135,0,1.1,90
1790164795,28,7,255,63,1.5,175
1790164795,32,2,24,5,-63.9,88
1790164795,33,3,24,0,-78.4,147
1790164795,34,3,24,0,-70.8,80
1790164795,5,17,450,9,22.7,378
1790164795,6,18,396,27,24.8,461
1790164795,7,4,96,0,4.6,323
1790164795,C4,18,540,36,23.4,338
1790164795,T1,34,816,0,-11.1,185
1790164795,T2,21,378,0,-29.8,42
1790164795,T3,19,266,0,-14.2,83
1790181986,10A,6,234,0,-44.3,8
1790181986,10B,5,190,0,-14.8,157
1790181986,11,4,54,0,-6.7,0
1790181986,12,6,135,0,-6.4,194
1790181986,13,7,183,0,-3.2,93
1790181986,14,10,245,0,-18.5,98
1790181986,15,7,232,0,-19.3,138
1790181986,16,11,280,11,19.2,332
1790181986,20,6,165,0,-11.3,92
1790181986,21,6,127,0,-1.4,33
1790181986,8,14,521,0,-7.0,159
1790181986,22,6,138,0,-18.6,164
1790181986,23,5,105,2,-1.8,145
1790181986,24,4,96,0,45.6,231
1790181986,25,6,156,6,-45.5,75
1790181986,26,6,135,0,23.9,190
1790181986,28,9,321,72,-23.8,122
1790181986,32,2,24,5,-63.0,0
1790181986,33,3,24,0,-63.7,56
1790181986,34,2,16,0,-82.5,0
1790181986,5,17,450,9,-14.2,236
1790181986,6,16,352,24,8.2,369
1790181986,7,4,96,0,42.4,270
1790181986,C4,16,480,0,0.9,434
1790181986,T1,33,792,0,-12.7,166
1790181986,T2,21,378,0,-27.7,134
1790181986,T3,21,294,0,-28.1,51
1790193224,5,8,212,4,71.5,647
1790193224,7,2,48,0,-22.8,295
1790193224,C4,9,270,0,10.5,256
1790193224,T1,15,360,0,-15.2,69
1790193224,T2,12,216,0,-27.1,35
1790193224,T3,9,126,0,-23.5,46
1790203649,T1,5,120,0,-23.7,53
1790203649,T2,2,36,0,-21.9,32
1790203649,T3,2,28,0,-66.6,130
1790230379,10A,5,195,0,-21.8,32
1790230379,10B,5,190,0,-9.9,79
1790230379,11,8,108,2,-4.6,61
1790230379,12,10,225,0,4.7,135
1790230379,13,8,203,0,34.6,293
1790230379,14,10,245,0,-15.0,220
1790230379,15,6,198,0,37.9,249
1790230379,16,8,204,8,-4.3,68
1790230379,20,7,194,0,86.0,565
1790230379,21,8,169,0,72.8,462
1790230379,22,6,138,0,23.5,288
1790230379,8,14,521,0,8.9,399
1790230379,23,6,126,3,13.8,186
1790230379,24,5,119,0,37.8,251
1790230379,25,7,174,7,2.3,307
1790230379,26,8,181,0,-3.6,149
1790230379,28,9,333,81,28.0,460
1790230379,32,2,24,5,-127.0,18
1790230379,33,4,32,0,-106.2,128
1790230379,34,3,24,0,-8.5,274
1790230379,5,17,451,8,21.4,423
1790230379,6,20,440,30,62.0,451
1790230379,7,6,96,0,-22.3,117
1790230379,C4,21,630,12,31.8,369
1790230379,T1,36,864,0,0.2,306
1790230379,T2,22,396,0,-17.0,148
1790230379,T3,25,350,0,-7.4,177
1790250633,10B,5,190,0,-2.5,213
1790250633,10A,4,156,0,13.7,175
1790250633,11,4,54,4,13.4,113
1790250633,12,4,90,0,-5.1,30
1790250633,13,6,146,0,12.1,164
1790250633,14,5,122,0,-21.0,82
1790250633,15,7,232,0,52.2,363
1790250633,16,8,204,8,0.6,98
1790250633,20,4,110,0,-2.7,0
1790250633,21,6,126,0,28.9,221
1790250633,8,8,298,0,-8.6,303
1790250633,22,3,69,0,5.6,68
1790250633,23,7,147,3,16.2,344
1790250633,24,6,144,0,12.6,262
1790250633,25,6,156,6,103.7,647
1790250633,26,7,161,0,2.2,212
1790250633,28,6,219,54,-18.1,69
1790250633,32,2,24,5,-42.5,0
1790250633,33,3,24,0,-117.9,60
1790250633,34,3,24,0,-73.7,29
1790250633,5,17,450,9,31.2,391
1790250633,6,18,396,27,62.5,387
1790250633,7,4,96,0,-7.6,419
1790250633,C4,17,510,34,-5.8,404
1790250633,T1,36,864,18,12.4,921
1790250633,T2,21,378,13,-17.8,252
1790250633,T3,19,266,0,-14.8,102
1790268065,10B,6,228,0,-3.6,223
1790268065,10A,6,234,0,-14.5,100
1790268065,11,6,81,0,16.6,356
1790268065,12,7,157,0,45.7,433
1790268065,13,8,204,0,24.3,446
1790268065,14,12,294,0,100.1,756
1790268065,15,8,264,0,-14.9,78
1790268065,16,11,280,11,51.5,430
1790268065,20,4,106,0,14.7,295
1790268065,21,5,109,0,2.6,59
1790268065,8,15,557,0,45.9,680
1790268065,22,6,138,0,-12.0,60
1790268065,23,5,105,2,7.4,107
1790268065,24,4,96,0,59.5,237
1790268065,25,6,156,6,22.6,554
1790268065,26,7,155,0,-14.5,100
1790268065,28,9,330,81,20.4,380
1790268065,32,2,24,5,-6.6,134
1790268065,33,3,24,0,-27.5,0
1790268065,34,3,24,0,-92.3,42
1790268065,5,18,477,9,5.4,490
1790268065,6,15,330,22,0.9,217
1790268065,7,4,96,0,7.3,206
1790268065,C4,16,480,0,36.5,604
1790268065,T1,36,864,18,13.7,921
1790268065,T2,23,414,0,-32.7,42
1790268065,T3,22,308,0,23.0,443
1790280651,5,6,159,3,-25.2,83
1790280651,7,1,24,0,-31.2,36
1790280651,C4,8,240,0,-1.2,221
1790280651,T1,16,384,18,24.7,921
1790280651,T2,12,216,0,-27.2,82
1790280651,T3,9,126,0,-33.0,40
1790291725,T1,3,72,18,222.8,921
1790291725,T2,1,18,0,-92.6,-17
1790318419,10A,6,234,0,49.5,649
1790318419,10B,5,190,0,-55.1,118
1790318419,11,6,81,0,13.9,184
1790318419,12,7,157,0,-11.3,104
1790318419,13,8,198,0,46.2,613
1790318419,14,8,171,2,-30.7,184
1790318419,15,7,230,0,-15.0,106
1790318419,16,10,255,10,-1.5,122
1790318419,20,6,165,0,9.6,281
1790318419,21,7,150,0,61.0,442
1790318419,22,5,115,0,13.0,230
1790318419,8,12,447,0,-5.1,151
1790318419,23,6,126,3,0.1,162
1790318419,24,4,96,0,-96.4,0
1790318419,25,6,151,6,32.5,325
1790318419,26,8,181,0,3.4,183
1790318419,28,9,332,81,20.4,299
1790318419,32,2,24,5,-45.0,0
1790318419,33,4,32,0,-92.0,266
1790318419,34,3,24,0,-26.4,276
1790318419,5,17,450,9,32.3,347
1790318419,6,18,396,27,44.5,461
1790318419,7,5,120,0,13.9,234
1790318419,C4,19,570,0,70.6,573
1790318419,T1,35,840,0,-10.4,174
1790318419,T2,21,378,0,-24.2,76
1790318419,T3,22,308,0,-14.1,78
1790338715,10B,4,152,0,-142.1,257
1790338715,10A,5,195,0,124.6,914
1790338715,11,4,54,0,15.2,67
1790338715,12,5,112,0,-9.5,76
1790338715,13,6,141,0,-10.4,51
1790338715,14,5,122,0,-1.1,332
1790338715,15,7,232,0,-11.7,161
1790338715,16,10,255,10,-3.3,109
1790338715,20,4,110,0,6.2,108
1790338715,21,6,126,0,9.4,154
1790338715,22,3,69,0,109.3,403
1790338715,8,9,337,0,11.1,118
1790338715,23,5,105,3,-33.1,220
1790338715,24,4,96,0,34.9,212
1790338715,25,6,147,6,-60.8,103
1790338715,26,6,135,0,1.6,197
1790338715,28,7,257,63,-8.6,199
1790338715,32,1,12,2,-933.3,-925
1790338715,33,3,24,0,-93.2,39
1790338715,34,2,16,0,-97.1,0
1790338715,5,18,477,9,11.2,287
1790338715,6,17,374,26,7.7,160
1790338715,7,4,96,0,2.6,188
1790338715,C4,19,570,17,92.1,1140
1790338715,T1,35,840,0,-8.4,240
1790338715,T2,21,360,0,-18.3,82
1790338715,T3,19,266,0,-13.3,240
1790357308,10B,5,190,8,5.1,1464
1790357308,10A,4,156,0,77.2,783
1790357308,11,3,41,0,-22.1,18
1790357308,12,4,90,0,55.0,295
1790357308,13,6,153,0,-12.3,55
1790357308,14,10,245,0,-27.4,88
1790357308,15,4,132,0,56.0,252
1790357308,16,8,204,8,27.7,544
1790357308,20,3,84,0,21.5,175
1790357308,21,4,85,0,-76.6,24
1790357308,8,10,372,0,-2.2,131
1790357308,22,4,92,0,-25.9,57
1790357308,23,2,42,0,-28.7,24
1790357308,24,3,73,0,108.0,280
1790357308,25,5,124,5,-21.5,123
1790357308,26,2,45,0,0.6,79
1790357308,28,6,219,54,-7.8,165
1790357308,32,2,24,5,-55.9,65
1790357308,33,1,8,0,-17.8,28
1790357308,34,1,8,0,0.0,0
1790357308,5,16,424,8,-20.8,344
1790357308,6,7,154,10,-18.1,241
1790357308,7,4,96,0,-20.4,30
1790357308,C4,13,390,17,52.6,296
1790357308,T1,31,744,0,-5.2,176
1790357308,T2,20,360,0,-19.6,92
1790357308,T3,20,280,3,5.9,1531
1790368941,10B,1,38,8,954.2,1464
1790368941,5,6,159,3,4.5,169
1790368941,C4,6,180,17,39.7,217
1790368941,T1,13,312,0,-10.7,145
1790368941,T2,11,198,0,-28.9,61
1790368941,T3,10,140,3,23.0,1531
1790379420,10B,1,38,8,954.2,1464
1790379420,T1,1,24,0,-27.4,55
1790379420,T3,1,14,3,576.3,1531
1790379420,C4,1,30,17,201.6,203
1790388191,T1,1,24,0,0.0,0
1790388191,T2,1,18,0,0.0,0
1790388191,T3,1,14,0,0.0,0
1790408670,10A,4,156,0,750.6,3306
1790408670,10B,3,114,0,905.4,2980
1790408670,11,4,54,0,-46.8,0
1790408670,12,4,90,0,-8.0,0
1790408670,13,4,94,0,-9.6,0
1790408670,14,5,122,0,-9.5,109
1790408670,15,2,60,0,-0.8,64
1790408670,16,4,102,4,0.4,57
1790408670,20,4,106,0,28.1,140
1790408670,21,6,126,0,10.8,156
1790408670,8,8,298,0,31.2,451
1790408670,23,6,126,3,9.2,177
1790408670,24,4,96,0,225.3,822
1790408670,25,4,96,4,-38.0,107
1790408670,26,6,135,0,-33.8,77
1790408670,28,5,183,45,22.1,423
1790408670,5,14,371,7,13.9,200
1790408670,6,6,132,9,28.5,324
1790408670,7,4,96,0,-6.3,215
1790408670,22,3,69,0,18.7,263
1790408670,C4,11,336,0,-2.9,178
1790408670,T1,18,432,0,-10.1,77
1790408670,T2,16,288,0,-39.4,38
1790408670,T3,12,168,0,-15.2,178
1790425883,10A,3,117,0,16.6,135
1790425883,10B,4,152,0,-92.3,283
1790425883,11,4,54,0,-35.8,31
1790425883,12,4,90,0,1.0,64
1790425883,13,6,141,0,-15.7,85
1790425883,14,9,220,0,1.9,289
1790425883,15,2,66,0,-122.5,0
1790425883,16,8,204,8,8.8,267
1790425883,20,4,110,0,21.1,120
1790425883,21,4,84,0,-5.0,0
1790425883,8,9,337,0,16.1,238
1790425883,23,6,126,3,0.6,131
1790425883,24,4,96,0,-16.9,18
1790425883,25,4,101,4,-17.8,17
1790425883,26,4,90,0,-11.3,0
1790425883,28,4,146,36,-14.5,74
1790425883,5,14,371,7,-12.3,192
1790425883,6,8,176,12,8.4,152
1790425883,7,7,168,0,-28.8,132
1790425883,22,3,69,0,28.6,150
1790425883,C4,15,439,0,13.7,370
1790425883,T1,20,480,0,-11.9,126
1790425883,T2,18,324,0,-28.6,73
1790425883,T3,16,224,0,-19.0,178
1790441023,10B,4,152,0,166.6,467
1790441023,10A,3,117,0,289.9,1234
1790441023,11,4,54,0,-16.9,77
1790441023,12,4,90,0,-14.5,123
1790441023,13,4,94,0,-9.6,0
1790441023,14,10,245,0,-24.8,139
1790441023,15,2,66,0,78.1,311
1790441023,16,8,204,8,-0.8,96
1790441023,20,4,106,0,120.1,312
1790441023,21,5,108,0,14.2,187
1790441023,22,2,46,0,-16.6,0
1790441023,8,9,337,0,-7.1,145
1790441023,23,5,105,2,-5.0,105
1790441023,24,4,96,0,153.7,543
1790441023,25,4,97,4,-24.7,48
1790441023,26,4,90,0,-9.4,55
1790441023,28,6,219,54,-32.7,56
1790441023,5,14,371,7,18.1,307
1790441023,6,7,154,10,33.5,242
1790441023,7,7,168,0,-14.7,179
1790441023,C4,14,406,0,25.3,395
1790441023,T1,21,504,0,-5.6,226
1790441023,T2,19,342,0,-27.2,183
1790441023,T3,16,224,0,-15.4,133
1790450862,5,8,212,4,29.9,244
1790450862,7,3,72,0,3.1,141
1790450862,C4,7,203,0,-134.2,163
1790450862,T1,17,408,0,-12.8,185
1790450862,T2,15,270,0,-33.6,78
1790450862,T3,11,154,0,-17.4,165
